"Source:","/home/bart/Electronica/C64_Cartridge/Production-ESP32-Hardware-SMD/ESP32Hardware.kicad_sch"
"Date:","Sun 10 Dec 2023 15:20:19 CET"
"Tool:","Eeschema 6.0.11-2627ca5db0~126~ubuntu20.04.1"
"Generator:","/usr/share/kicad/plugins/bom_csv_grouped_by_value.py"
"Component Count:","25"

"Individual Components:"

"Item","Qty","Reference(s)","Value","LibPart","Footprint","Datasheet","Datasheet_1","Footprint_1","Height","Manufacturer_Name","Manufacturer_Part_Number","Mouser Part Number","Mouser Price/Stock","Reference_1","Value_1"
"","","C1","33pF","Device:C","Capacitor_SMD:C_0402_1005Metric","~","","","","","","","","",""
"","","C2","100n","Device:C","Capacitor_SMD:C_0402_1005Metric","~","","","","","","","","",""
"","","C3","100n","Device:C","Capacitor_SMD:C_0402_1005Metric","~","","","","","","","","",""
"","","C4","100n","Device:C","Capacitor_SMD:C_0402_1005Metric","~","","","","","","","","",""
"","","C5","100n","Device:C","Capacitor_SMD:C_0402_1005Metric","~","","","","","","","","",""
"","","C6","100n","Device:C","Capacitor_SMD:C_0402_1005Metric","~","","","","","","","","",""
"","","C7","100n","Device:C","Capacitor_SMD:C_0402_1005Metric","~","","","","","","","","",""
"","","C8","100n","Device:C","Capacitor_SMD:C_0402_1005Metric","~","","","","","","","","",""
"","","C9","100n","Device:C","Capacitor_SMD:C_0402_1005Metric","~","","","","","","","","",""
"","","D1","LED","Device:LED","LED_SMD:LED_0603_1608Metric","~","","","","","","","","",""
"","","D2","1N4448W","Diode:1N4448W","Diode_SMD:D_SOD-123","https://www.vishay.com/docs/85722/1n4448w.pdf","","","","","","","","",""
"","","H1","MountingHole","Mechanical:MountingHole","MountingHole:MountingHole_5mm","~","","","","","","","","",""
"","","R1","270","Device:R","Resistor_SMD:R_0402_1005Metric","~","","","","","","","","",""
"","","R2","4k7","Device:R","Resistor_SMD:R_0402_1005Metric","~","","","","","","","","",""
"","","R3","1K5","Device:R","Resistor_SMD:R_0402_1005Metric","~","","","","","","","","",""
"","","R4","1K5","Device:R","Resistor_SMD:R_0402_1005Metric","~","","","","","","","","",""
"","","R5","1K5","Device:R","Resistor_SMD:R_0402_1005Metric","~","","","","","","","","",""
"","","R6","2K7","Device:R","Resistor_SMD:R_0402_1005Metric","~","","","","","","","","",""
"","","R7","2K7","Device:R","Resistor_SMD:R_0402_1005Metric","~","","","","","","","","",""
"","","R8","2K7","Device:R","Resistor_SMD:R_0402_1005Metric","~","","","","","","","","",""
"","","U3","SN74LVC1G14DBV","74xGxx:SN74LVC1G14DBV","Package_TO_SOT_SMD:SOT-23-5","http://www.ti.com/lit/ds/symlink/sn74lvc1g14.pdf","","","","","","","","",""
"","","U4","SN74HC244D","Chat64_Library:SN74LS244NSR","Chat64_Project:SOIC127P1032X265-20N","","http://www.ti.com/lit/gpn/sn74ls244","SOIC127P780X200-20N","2","Texas Instruments","SN74LS244NSR","595-SN74LS244NSR","https://www.mouser.co.uk/ProductDetail/Texas-Instruments/SN74LS244NSR?qs=SL3LIuy2dWzKZWlnbsnr9A%3D%3D","IC","SN74HCS244D"
"","","U5","SN74LVC1G14DBV","74xGxx:SN74LVC1G14DBV","Package_TO_SOT_SMD:SOT-23-5","http://www.ti.com/lit/ds/symlink/sn74lvc1g14.pdf","","","","","","","","",""
"","","U6","SN74LVC1G07DBVR","SN74LVC1G04DBVTG4:SN74LVC1G04DBVTG4","Package_TO_SOT_SMD:SOT-23-5","","http://www.ti.com/lit/gpn/SN74LVC1G04","SOT95P280X145-5N","1.45","Texas Instruments","SN74LVC1G04DBVTG4","595-74LVC1G04DBVTG4","https://www.mouser.co.uk/ProductDetail/Texas-Instruments/SN74LVC1G04DBVTG4?qs=glQR3cLZh259V%2Fk0B8y9Vg%3D%3D","IC","SN74LVC1G07DBVR"
"","","U9","74HC597D-653","Chat64_Library:74HC597D-653","Chat64_Project:SOIC127P600X175-16N","","https://assets.nexperia.com/documents/data-sheet/74HC_HCT597.pdf","SOIC127P600X175-16N","1.75","Nexperia","74HC597D,653","771-74HC597D-T","https://www.mouser.co.uk/ProductDetail/Nexperia/74HC597D653?qs=P62ublwmbi9MvWUA0wjpHw%3D%3D","IC","74HC597D,653"



"Collated Components:"

"Item","Qty","Reference(s)","Value","LibPart","Footprint","Datasheet","Datasheet_1","Footprint_1","Height","Manufacturer_Name","Manufacturer_Part_Number","Mouser Part Number","Mouser Price/Stock","Reference_1","Value_1"
"1","1","C1","33pF","Device:C","Capacitor_SMD:C_0402_1005Metric","~","","","","","","","","",""
"2","8","C2, C3, C4, C5, C6, C7, C8, C9","100n","Device:C","Capacitor_SMD:C_0402_1005Metric","~","","","","","","","","",""
"3","1","D1","LED","Device:LED","LED_SMD:LED_0603_1608Metric","~","","","","","","","","",""
"4","1","D2","1N4448W","Diode:1N4448W","Diode_SMD:D_SOD-123","https://www.vishay.com/docs/85722/1n4448w.pdf","","","","","","","","",""
"5","1","H1","MountingHole","Mechanical:MountingHole","MountingHole:MountingHole_5mm","~","","","","","","","","",""
"6","1","R1","270","Device:R","Resistor_SMD:R_0402_1005Metric","~","","","","","","","","",""
"7","1","R2","4k7","Device:R","Resistor_SMD:R_0402_1005Metric","~","","","","","","","","",""
"8","3","R3, R4, R5","1K5","Device:R","Resistor_SMD:R_0402_1005Metric","~","","","","","","","","",""
"9","3","R6, R7, R8","2K7","Device:R","Resistor_SMD:R_0402_1005Metric","~","","","","","","","","",""
"10","2","U3, U5","SN74LVC1G14DBV","74xGxx:SN74LVC1G14DBV","Package_TO_SOT_SMD:SOT-23-5","http://www.ti.com/lit/ds/symlink/sn74lvc1g14.pdf","","","","","","","","",""
"11","1","U4","SN74HC244D","Chat64_Library:SN74LS244NSR","Chat64_Project:SOIC127P1032X265-20N","","http://www.ti.com/lit/gpn/sn74ls244","SOIC127P780X200-20N","2","Texas Instruments","SN74LS244NSR","595-SN74LS244NSR","https://www.mouser.co.uk/ProductDetail/Texas-Instruments/SN74LS244NSR?qs=SL3LIuy2dWzKZWlnbsnr9A%3D%3D","IC","SN74HCS244D"
"12","1","U6","SN74LVC1G07DBVR","SN74LVC1G04DBVTG4:SN74LVC1G04DBVTG4","Package_TO_SOT_SMD:SOT-23-5","","http://www.ti.com/lit/gpn/SN74LVC1G04","SOT95P280X145-5N","1.45","Texas Instruments","SN74LVC1G04DBVTG4","595-74LVC1G04DBVTG4","https://www.mouser.co.uk/ProductDetail/Texas-Instruments/SN74LVC1G04DBVTG4?qs=glQR3cLZh259V%2Fk0B8y9Vg%3D%3D","IC","SN74LVC1G07DBVR"
"13","1","U9","74HC597D-653","Chat64_Library:74HC597D-653","Chat64_Project:SOIC127P600X175-16N","","https://assets.nexperia.com/documents/data-sheet/74HC_HCT597.pdf","SOIC127P600X175-16N","1.75","Nexperia","74HC597D,653","771-74HC597D-T","https://www.mouser.co.uk/ProductDetail/Nexperia/74HC597D653?qs=P62ublwmbi9MvWUA0wjpHw%3D%3D","IC","74HC597D,653"
