<?xml version="1.0" encoding="UTF-8"?>
<export version="E">
  <design>
    <source>/home/bart/Electronica/C64_Cartridge/Production-ESP32-Hardware-SMD/ESP32Hardware.kicad_sch</source>
    <date>Sun 10 Dec 2023 15:20:19 CET</date>
    <tool>Eeschema 6.0.11-2627ca5db0~126~ubuntu20.04.1</tool>
    <sheet number="1" name="/" tstamps="/">
      <title_block>
        <title>SMD C64 Chat Cartridge - Schematic</title>
        <company>Bart Venneker / Theo van den Beld</company>
        <rev>3.2</rev>
        <date>2023-11-17</date>
        <source>ESP32Hardware.kicad_sch</source>
        <comment number="1" value=""/>
        <comment number="2" value=""/>
        <comment number="3" value=""/>
        <comment number="4" value=""/>
        <comment number="5" value=""/>
        <comment number="6" value=""/>
        <comment number="7" value=""/>
        <comment number="8" value=""/>
        <comment number="9" value=""/>
      </title_block>
    </sheet>
  </design>
  <components>
    <comp ref="C1">
      <value>33pF</value>
      <footprint>Capacitor_SMD:C_0402_1005Metric</footprint>
      <libsource lib="Device" part="C" description="Unpolarized capacitor"/>
      <property name="Field4" value=""/>
      <property name="Sheetname" value=""/>
      <property name="Sheetfile" value="ESP32Hardware.kicad_sch"/>
      <sheetpath names="/" tstamps="/"/>
      <tstamps>e655a4d1-29c0-4a79-b152-f8e7a5765581</tstamps>
    </comp>
    <comp ref="C2">
      <value>100n</value>
      <footprint>Capacitor_SMD:C_0402_1005Metric</footprint>
      <libsource lib="Device" part="C" description="Unpolarized capacitor"/>
      <property name="Field4" value=""/>
      <property name="Sheetname" value=""/>
      <property name="Sheetfile" value="ESP32Hardware.kicad_sch"/>
      <sheetpath names="/" tstamps="/"/>
      <tstamps>5416d883-1a12-45c1-ba66-d9eca3ac21ea</tstamps>
    </comp>
    <comp ref="C3">
      <value>100n</value>
      <footprint>Capacitor_SMD:C_0402_1005Metric</footprint>
      <libsource lib="Device" part="C" description="Unpolarized capacitor"/>
      <property name="Field4" value=""/>
      <property name="Sheetname" value=""/>
      <property name="Sheetfile" value="ESP32Hardware.kicad_sch"/>
      <sheetpath names="/" tstamps="/"/>
      <tstamps>00000000-0000-0000-0000-0000635f81f2</tstamps>
    </comp>
    <comp ref="C4">
      <value>100n</value>
      <footprint>Capacitor_SMD:C_0402_1005Metric</footprint>
      <libsource lib="Device" part="C" description="Unpolarized capacitor"/>
      <property name="Field4" value=""/>
      <property name="Sheetname" value=""/>
      <property name="Sheetfile" value="ESP32Hardware.kicad_sch"/>
      <sheetpath names="/" tstamps="/"/>
      <tstamps>00000000-0000-0000-0000-0000635fbb3c</tstamps>
    </comp>
    <comp ref="C5">
      <value>100n</value>
      <footprint>Capacitor_SMD:C_0402_1005Metric</footprint>
      <libsource lib="Device" part="C" description="Unpolarized capacitor"/>
      <property name="Field4" value=""/>
      <property name="Sheetname" value=""/>
      <property name="Sheetfile" value="ESP32Hardware.kicad_sch"/>
      <sheetpath names="/" tstamps="/"/>
      <tstamps>00000000-0000-0000-0000-0000635feed1</tstamps>
    </comp>
    <comp ref="C6">
      <value>100n</value>
      <footprint>Capacitor_SMD:C_0402_1005Metric</footprint>
      <libsource lib="Device" part="C" description="Unpolarized capacitor"/>
      <property name="Field4" value=""/>
      <property name="Sheetname" value=""/>
      <property name="Sheetfile" value="ESP32Hardware.kicad_sch"/>
      <sheetpath names="/" tstamps="/"/>
      <tstamps>15b3207d-6547-4224-a45d-823705a30761</tstamps>
    </comp>
    <comp ref="C7">
      <value>100n</value>
      <footprint>Capacitor_SMD:C_0402_1005Metric</footprint>
      <libsource lib="Device" part="C" description="Unpolarized capacitor"/>
      <property name="Field4" value=""/>
      <property name="Sheetname" value=""/>
      <property name="Sheetfile" value="ESP32Hardware.kicad_sch"/>
      <sheetpath names="/" tstamps="/"/>
      <tstamps>5727b10b-c690-48d8-94ea-3ef5ba9e8e3b</tstamps>
    </comp>
    <comp ref="C8">
      <value>100n</value>
      <footprint>Capacitor_SMD:C_0402_1005Metric</footprint>
      <libsource lib="Device" part="C" description="Unpolarized capacitor"/>
      <property name="Field4" value=""/>
      <property name="Sheetname" value=""/>
      <property name="Sheetfile" value="ESP32Hardware.kicad_sch"/>
      <sheetpath names="/" tstamps="/"/>
      <tstamps>36c5ab80-71e8-4267-92af-91a8edbd4006</tstamps>
    </comp>
    <comp ref="C9">
      <value>100n</value>
      <footprint>Capacitor_SMD:C_0402_1005Metric</footprint>
      <libsource lib="Device" part="C" description="Unpolarized capacitor"/>
      <property name="Field4" value=""/>
      <property name="Sheetname" value=""/>
      <property name="Sheetfile" value="ESP32Hardware.kicad_sch"/>
      <sheetpath names="/" tstamps="/"/>
      <tstamps>9946e9ad-a455-48c6-98cb-ee19643ca29e</tstamps>
    </comp>
    <comp ref="D1">
      <value>LED</value>
      <footprint>LED_SMD:LED_0603_1608Metric</footprint>
      <libsource lib="Device" part="LED" description="Light emitting diode"/>
      <property name="Sheetname" value=""/>
      <property name="Sheetfile" value="ESP32Hardware.kicad_sch"/>
      <sheetpath names="/" tstamps="/"/>
      <tstamps>00000000-0000-0000-0000-0000635b6a61</tstamps>
    </comp>
    <comp ref="D2">
      <value>1N4448W</value>
      <footprint>Diode_SMD:D_SOD-123</footprint>
      <datasheet>https://www.vishay.com/docs/85722/1n4448w.pdf</datasheet>
      <libsource lib="Diode" part="1N4448W" description="100V 0.15A High-speed standard diode, SOD-123"/>
      <property name="Sheetname" value=""/>
      <property name="Sheetfile" value="ESP32Hardware.kicad_sch"/>
      <sheetpath names="/" tstamps="/"/>
      <tstamps>cbc3737a-4f70-4228-a91d-18aab4d2ec2d</tstamps>
    </comp>
    <comp ref="H1">
      <value>MountingHole</value>
      <footprint>MountingHole:MountingHole_5mm</footprint>
      <libsource lib="Mechanical" part="MountingHole" description="Mounting Hole without connection"/>
      <property name="Sheetname" value=""/>
      <property name="Sheetfile" value="ESP32Hardware.kicad_sch"/>
      <sheetpath names="/" tstamps="/"/>
      <tstamps>0e0c8a01-765f-452a-ae0e-9bbf9ac4e385</tstamps>
    </comp>
    <comp ref="R1">
      <value>270</value>
      <footprint>Resistor_SMD:R_0402_1005Metric</footprint>
      <libsource lib="Device" part="R" description="Resistor"/>
      <property name="Sheetname" value=""/>
      <property name="Sheetfile" value="ESP32Hardware.kicad_sch"/>
      <sheetpath names="/" tstamps="/"/>
      <tstamps>00000000-0000-0000-0000-0000635b2911</tstamps>
    </comp>
    <comp ref="R2">
      <value>4k7</value>
      <footprint>Resistor_SMD:R_0402_1005Metric</footprint>
      <libsource lib="Device" part="R" description="Resistor"/>
      <property name="Sheetname" value=""/>
      <property name="Sheetfile" value="ESP32Hardware.kicad_sch"/>
      <sheetpath names="/" tstamps="/"/>
      <tstamps>e61bdc7e-217e-45e5-a2df-ae058d5175f6</tstamps>
    </comp>
    <comp ref="R3">
      <value>1K5</value>
      <footprint>Resistor_SMD:R_0402_1005Metric</footprint>
      <libsource lib="Device" part="R" description="Resistor"/>
      <property name="Sheetname" value=""/>
      <property name="Sheetfile" value="ESP32Hardware.kicad_sch"/>
      <sheetpath names="/" tstamps="/"/>
      <tstamps>360100e6-a009-48ac-843f-45670dfe259d</tstamps>
    </comp>
    <comp ref="R4">
      <value>1K5</value>
      <footprint>Resistor_SMD:R_0402_1005Metric</footprint>
      <libsource lib="Device" part="R" description="Resistor"/>
      <property name="Sheetname" value=""/>
      <property name="Sheetfile" value="ESP32Hardware.kicad_sch"/>
      <sheetpath names="/" tstamps="/"/>
      <tstamps>3da89fe6-7a9b-43a0-80bf-de90a5614941</tstamps>
    </comp>
    <comp ref="R5">
      <value>1K5</value>
      <footprint>Resistor_SMD:R_0402_1005Metric</footprint>
      <libsource lib="Device" part="R" description="Resistor"/>
      <property name="Sheetname" value=""/>
      <property name="Sheetfile" value="ESP32Hardware.kicad_sch"/>
      <sheetpath names="/" tstamps="/"/>
      <tstamps>f71245b3-1c7f-41c0-aebf-d99d3be7720a</tstamps>
    </comp>
    <comp ref="R6">
      <value>2K7</value>
      <footprint>Resistor_SMD:R_0402_1005Metric</footprint>
      <libsource lib="Device" part="R" description="Resistor"/>
      <property name="Sheetname" value=""/>
      <property name="Sheetfile" value="ESP32Hardware.kicad_sch"/>
      <sheetpath names="/" tstamps="/"/>
      <tstamps>a47fc4ec-8aad-499b-9e03-67f745918ad1</tstamps>
    </comp>
    <comp ref="R7">
      <value>2K7</value>
      <footprint>Resistor_SMD:R_0402_1005Metric</footprint>
      <libsource lib="Device" part="R" description="Resistor"/>
      <property name="Sheetname" value=""/>
      <property name="Sheetfile" value="ESP32Hardware.kicad_sch"/>
      <sheetpath names="/" tstamps="/"/>
      <tstamps>5b8c48f6-3dd4-4941-b584-02632a84e902</tstamps>
    </comp>
    <comp ref="R8">
      <value>2K7</value>
      <footprint>Resistor_SMD:R_0402_1005Metric</footprint>
      <libsource lib="Device" part="R" description="Resistor"/>
      <property name="Sheetname" value=""/>
      <property name="Sheetfile" value="ESP32Hardware.kicad_sch"/>
      <sheetpath names="/" tstamps="/"/>
      <tstamps>3738a34e-e60c-4b80-b5e4-703b70def575</tstamps>
    </comp>
    <comp ref="U3">
      <value>SN74LVC1G14DBV</value>
      <footprint>Package_TO_SOT_SMD:SOT-23-5</footprint>
      <datasheet>http://www.ti.com/lit/ds/symlink/sn74lvc1g14.pdf</datasheet>
      <libsource lib="74xGxx" part="SN74LVC1G14DBV" description="Single Schmitt-Trigger Inverter, SOT-23"/>
      <property name="Sheetname" value=""/>
      <property name="Sheetfile" value="ESP32Hardware.kicad_sch"/>
      <sheetpath names="/" tstamps="/"/>
      <tstamps>23a85a7a-de59-49ee-9a5d-61bc98ce4540</tstamps>
    </comp>
    <comp ref="U4">
      <value>SN74HC244D</value>
      <footprint>Chat64_Project:SOIC127P1032X265-20N</footprint>
      <fields>
        <field name="Datasheet_1">http://www.ti.com/lit/gpn/sn74ls244</field>
        <field name="Footprint_1">SOIC127P780X200-20N</field>
        <field name="Height">2</field>
        <field name="Manufacturer_Name">Texas Instruments</field>
        <field name="Manufacturer_Part_Number">SN74LS244NSR</field>
        <field name="Mouser Part Number">595-SN74LS244NSR</field>
        <field name="Mouser Price/Stock">https://www.mouser.co.uk/ProductDetail/Texas-Instruments/SN74LS244NSR?qs=SL3LIuy2dWzKZWlnbsnr9A%3D%3D</field>
        <field name="Reference_1">IC</field>
        <field name="Value_1">SN74HCS244D</field>
      </fields>
      <libsource lib="Chat64_Library" part="SN74LS244NSR" description="Octal Buffers And Line Drivers With 3-State Outputs"/>
      <property name="Reference_1" value="IC"/>
      <property name="Value_1" value="SN74HCS244D"/>
      <property name="Footprint_1" value="SOIC127P780X200-20N"/>
      <property name="Datasheet_1" value="http://www.ti.com/lit/gpn/sn74ls244"/>
      <property name="Height" value="2"/>
      <property name="Mouser Part Number" value="595-SN74LS244NSR"/>
      <property name="Mouser Price/Stock" value="https://www.mouser.co.uk/ProductDetail/Texas-Instruments/SN74LS244NSR?qs=SL3LIuy2dWzKZWlnbsnr9A%3D%3D"/>
      <property name="Manufacturer_Name" value="Texas Instruments"/>
      <property name="Manufacturer_Part_Number" value="SN74LS244NSR"/>
      <property name="Sheetname" value=""/>
      <property name="Sheetfile" value="ESP32Hardware.kicad_sch"/>
      <sheetpath names="/" tstamps="/"/>
      <tstamps>bb6ec167-8bd0-4355-b2b3-bee322b870a1</tstamps>
    </comp>
    <comp ref="U5">
      <value>SN74LVC1G14DBV</value>
      <footprint>Package_TO_SOT_SMD:SOT-23-5</footprint>
      <datasheet>http://www.ti.com/lit/ds/symlink/sn74lvc1g14.pdf</datasheet>
      <libsource lib="74xGxx" part="SN74LVC1G14DBV" description="Single Schmitt-Trigger Inverter, SOT-23"/>
      <property name="Sheetname" value=""/>
      <property name="Sheetfile" value="ESP32Hardware.kicad_sch"/>
      <sheetpath names="/" tstamps="/"/>
      <tstamps>716698ac-ed16-401e-958b-a147596def51</tstamps>
    </comp>
    <comp ref="U6">
      <value>SN74LVC1G07DBVR</value>
      <footprint>Package_TO_SOT_SMD:SOT-23-5</footprint>
      <fields>
        <field name="Datasheet_1">http://www.ti.com/lit/gpn/SN74LVC1G04</field>
        <field name="Footprint_1">SOT95P280X145-5N</field>
        <field name="Height">1.45</field>
        <field name="Manufacturer_Name">Texas Instruments</field>
        <field name="Manufacturer_Part_Number">SN74LVC1G04DBVTG4</field>
        <field name="Mouser Part Number">595-74LVC1G04DBVTG4</field>
        <field name="Mouser Price/Stock">https://www.mouser.co.uk/ProductDetail/Texas-Instruments/SN74LVC1G04DBVTG4?qs=glQR3cLZh259V%2Fk0B8y9Vg%3D%3D</field>
        <field name="Reference_1">IC</field>
        <field name="Value_1">SN74LVC1G07DBVR</field>
      </fields>
      <libsource lib="SN74LVC1G04DBVTG4" part="SN74LVC1G04DBVTG4" description="Single Inverter"/>
      <property name="Reference_1" value="IC"/>
      <property name="Value_1" value="SN74LVC1G07DBVR"/>
      <property name="Footprint_1" value="SOT95P280X145-5N"/>
      <property name="Datasheet_1" value="http://www.ti.com/lit/gpn/SN74LVC1G04"/>
      <property name="Height" value="1.45"/>
      <property name="Mouser Part Number" value="595-74LVC1G04DBVTG4"/>
      <property name="Mouser Price/Stock" value="https://www.mouser.co.uk/ProductDetail/Texas-Instruments/SN74LVC1G04DBVTG4?qs=glQR3cLZh259V%2Fk0B8y9Vg%3D%3D"/>
      <property name="Manufacturer_Name" value="Texas Instruments"/>
      <property name="Manufacturer_Part_Number" value="SN74LVC1G04DBVTG4"/>
      <property name="Sheetname" value=""/>
      <property name="Sheetfile" value="ESP32Hardware.kicad_sch"/>
      <sheetpath names="/" tstamps="/"/>
      <tstamps>e4a9ddd8-7ada-440b-a9de-a5d7da8f72b2</tstamps>
    </comp>
    <comp ref="U9">
      <value>74HC597D-653</value>
      <footprint>Chat64_Project:SOIC127P600X175-16N</footprint>
      <fields>
        <field name="Datasheet_1">https://assets.nexperia.com/documents/data-sheet/74HC_HCT597.pdf</field>
        <field name="Footprint_1">SOIC127P600X175-16N</field>
        <field name="Height">1.75</field>
        <field name="Manufacturer_Name">Nexperia</field>
        <field name="Manufacturer_Part_Number">74HC597D,653</field>
        <field name="Mouser Part Number">771-74HC597D-T</field>
        <field name="Mouser Price/Stock">https://www.mouser.co.uk/ProductDetail/Nexperia/74HC597D653?qs=P62ublwmbi9MvWUA0wjpHw%3D%3D</field>
        <field name="Reference_1">IC</field>
        <field name="Value_1">74HC597D,653</field>
      </fields>
      <libsource lib="Chat64_Library" part="74HC597D-653" description="74HC(T)597 - 8-bit shift register with input flip-flops@en-us"/>
      <property name="Reference_1" value="IC"/>
      <property name="Value_1" value="74HC597D,653"/>
      <property name="Footprint_1" value="SOIC127P600X175-16N"/>
      <property name="Datasheet_1" value="https://assets.nexperia.com/documents/data-sheet/74HC_HCT597.pdf"/>
      <property name="Height" value="1.75"/>
      <property name="Mouser Part Number" value="771-74HC597D-T"/>
      <property name="Mouser Price/Stock" value="https://www.mouser.co.uk/ProductDetail/Nexperia/74HC597D653?qs=P62ublwmbi9MvWUA0wjpHw%3D%3D"/>
      <property name="Manufacturer_Name" value="Nexperia"/>
      <property name="Manufacturer_Part_Number" value="74HC597D,653"/>
      <property name="Sheetname" value=""/>
      <property name="Sheetfile" value="ESP32Hardware.kicad_sch"/>
      <sheetpath names="/" tstamps="/"/>
      <tstamps>e62506b3-0e27-4183-ad35-08d4c7893551</tstamps>
    </comp>
  </components>
  <libparts>
    <libpart lib="74xGxx" part="SN74LVC1G14DBV">
      <description>Single Schmitt-Trigger Inverter, SOT-23</description>
      <docs>http://www.ti.com/lit/ds/symlink/sn74lvc1g14.pdf</docs>
      <footprints>
        <fp>SOT?23*</fp>
      </footprints>
      <fields>
        <field name="Reference">U</field>
        <field name="Value">SN74LVC1G14DBV</field>
        <field name="Footprint">Package_TO_SOT_SMD:SOT-23-5</field>
        <field name="Datasheet">http://www.ti.com/lit/ds/symlink/sn74lvc1g14.pdf</field>
      </fields>
      <pins>
        <pin num="1" name="NC" type="no_connect"/>
        <pin num="2" name="" type="input"/>
        <pin num="3" name="GND" type="power_in"/>
        <pin num="4" name="" type="output"/>
        <pin num="5" name="VCC" type="power_in"/>
      </pins>
    </libpart>
    <libpart lib="Chat64_Library" part="74HC597D-653">
      <description>74HC(T)597 - 8-bit shift register with input flip-flops@en-us</description>
      <fields>
        <field name="Value">74HC597D-653</field>
        <field name="Reference_1">IC</field>
        <field name="Value_1">74HC597D,653</field>
        <field name="Footprint_1">SOIC127P600X175-16N</field>
        <field name="Datasheet_1">https://assets.nexperia.com/documents/data-sheet/74HC_HCT597.pdf</field>
        <field name="Height">1.75</field>
        <field name="Mouser Part Number">771-74HC597D-T</field>
        <field name="Mouser Price/Stock">https://www.mouser.co.uk/ProductDetail/Nexperia/74HC597D653?qs=P62ublwmbi9MvWUA0wjpHw%3D%3D</field>
        <field name="Manufacturer_Name">Nexperia</field>
        <field name="Manufacturer_Part_Number">74HC597D,653</field>
      </fields>
      <pins>
        <pin num="1" name="D1" type="passive"/>
        <pin num="2" name="D2" type="passive"/>
        <pin num="3" name="D3" type="passive"/>
        <pin num="4" name="D4" type="passive"/>
        <pin num="5" name="D5" type="passive"/>
        <pin num="6" name="D6" type="passive"/>
        <pin num="7" name="D7" type="passive"/>
        <pin num="8" name="GND" type="passive"/>
        <pin num="9" name="Q" type="passive"/>
        <pin num="10" name="~{MR}" type="passive"/>
        <pin num="11" name="SHCP" type="passive"/>
        <pin num="12" name="STCP" type="passive"/>
        <pin num="13" name="~{PL}" type="passive"/>
        <pin num="14" name="DS" type="passive"/>
        <pin num="15" name="D0" type="passive"/>
        <pin num="16" name="VCC" type="passive"/>
      </pins>
    </libpart>
    <libpart lib="Chat64_Library" part="C64-Exp-Port">
      <docs>DOCUMENTATION</docs>
      <fields>
        <field name="Reference">U</field>
        <field name="Value">C64-Exp-Port</field>
        <field name="Footprint">MODULE</field>
        <field name="Datasheet">DOCUMENTATION</field>
      </fields>
      <pins>
        <pin num="1" name="GND" type="power_in"/>
        <pin num="2" name="+5V" type="power_in"/>
        <pin num="3" name="+5V" type="power_in"/>
        <pin num="4" name="/IRQ" type="passive"/>
        <pin num="5" name="R-/W" type="passive"/>
        <pin num="6" name="DOT_Clk" type="passive"/>
        <pin num="7" name="/I/O1" type="passive"/>
        <pin num="8" name="/GAME" type="passive"/>
        <pin num="9" name="/EXROM" type="passive"/>
        <pin num="10" name="/I/O2" type="passive"/>
        <pin num="11" name="/ROML" type="passive"/>
        <pin num="12" name="BA" type="passive"/>
        <pin num="13" name="/DMA" type="passive"/>
        <pin num="14" name="D7" type="passive"/>
        <pin num="15" name="D6" type="passive"/>
        <pin num="16" name="D5" type="passive"/>
        <pin num="17" name="D4" type="passive"/>
        <pin num="18" name="D3" type="passive"/>
        <pin num="19" name="D2" type="passive"/>
        <pin num="20" name="D1" type="passive"/>
        <pin num="21" name="D0" type="passive"/>
        <pin num="22" name="GND" type="power_in"/>
        <pin num="A" name="GND" type="power_in"/>
        <pin num="B" name="/ROMH" type="passive"/>
        <pin num="C" name="/RESET" type="passive"/>
        <pin num="D" name="/NMI" type="passive"/>
        <pin num="E" name="PHI2" type="passive"/>
        <pin num="F" name="A15" type="passive"/>
        <pin num="H" name="A14" type="passive"/>
        <pin num="J" name="A13" type="passive"/>
        <pin num="K" name="A12" type="passive"/>
        <pin num="L" name="A11" type="passive"/>
        <pin num="M" name="A10" type="passive"/>
        <pin num="N" name="A9" type="passive"/>
        <pin num="P" name="A8" type="passive"/>
        <pin num="R" name="A7" type="passive"/>
        <pin num="S" name="A6" type="passive"/>
        <pin num="T" name="A5" type="passive"/>
        <pin num="U" name="A4" type="passive"/>
        <pin num="V" name="A3" type="passive"/>
        <pin num="W" name="A2" type="passive"/>
        <pin num="X" name="A1" type="passive"/>
        <pin num="Y" name="A0" type="passive"/>
        <pin num="Z" name="GND" type="power_in"/>
      </pins>
    </libpart>
    <libpart lib="Chat64_Library" part="SN74LS244NSR">
      <description>Octal Buffers And Line Drivers With 3-State Outputs</description>
      <fields>
        <field name="Value">SN74LS244NSR</field>
        <field name="Reference_1">IC</field>
        <field name="Value_1">SN74LS244NSR</field>
        <field name="Footprint_1">SOIC127P780X200-20N</field>
        <field name="Datasheet_1">http://www.ti.com/lit/gpn/sn74ls244</field>
        <field name="Height">2</field>
        <field name="Mouser Part Number">595-SN74LS244NSR</field>
        <field name="Mouser Price/Stock">https://www.mouser.co.uk/ProductDetail/Texas-Instruments/SN74LS244NSR?qs=SL3LIuy2dWzKZWlnbsnr9A%3D%3D</field>
        <field name="Manufacturer_Name">Texas Instruments</field>
        <field name="Manufacturer_Part_Number">SN74LS244NSR</field>
      </fields>
      <pins>
        <pin num="1" name="1~{G}" type="input"/>
        <pin num="2" name="1A1" type="input"/>
        <pin num="3" name="2Y4" type="tri_state"/>
        <pin num="4" name="1A2" type="input"/>
        <pin num="5" name="2Y3" type="tri_state"/>
        <pin num="6" name="1A3" type="input"/>
        <pin num="7" name="2Y2" type="tri_state"/>
        <pin num="8" name="1A4" type="input"/>
        <pin num="9" name="2Y1" type="tri_state"/>
        <pin num="10" name="GND" type="power_in"/>
        <pin num="11" name="2A1" type="input"/>
        <pin num="12" name="1Y4" type="tri_state"/>
        <pin num="13" name="2A2" type="input"/>
        <pin num="14" name="1Y3" type="tri_state"/>
        <pin num="15" name="2A3" type="input"/>
        <pin num="16" name="1Y2" type="tri_state"/>
        <pin num="17" name="2A4" type="input"/>
        <pin num="18" name="1Y1" type="tri_state"/>
        <pin num="19" name="2~{G}" type="input"/>
        <pin num="20" name="VCC" type="power_in"/>
      </pins>
    </libpart>
    <libpart lib="Chat64_Library" part="mini_esp32">
      <fields>
        <field name="Reference">U</field>
        <field name="Value">mini_esp32</field>
      </fields>
      <pins>
        <pin num="1" name="GND" type="power_in"/>
        <pin num="2" name="RST" type="input"/>
        <pin num="3" name="NC" type="no_connect"/>
        <pin num="4" name="IO_36/SVP/A0" type="bidirectional"/>
        <pin num="5" name="IO_39/SVN" type="bidirectional"/>
        <pin num="6" name="IO_26/D0" type="bidirectional"/>
        <pin num="7" name="IO_35" type="bidirectional"/>
        <pin num="8" name="IO_18/D5" type="bidirectional"/>
        <pin num="9" name="IO_33" type="bidirectional"/>
        <pin num="10" name="IO_19/D6" type="bidirectional"/>
        <pin num="11" name="IO_34" type="bidirectional"/>
        <pin num="12" name="IO_23/D7" type="bidirectional"/>
        <pin num="13" name="IO_14/TMS" type="bidirectional"/>
        <pin num="14" name="IO_05/D8" type="bidirectional"/>
        <pin num="15" name="NC" type="no_connect"/>
        <pin num="16" name="3V3" type="power_in"/>
        <pin num="17" name="IO_09/SD2" type="bidirectional"/>
        <pin num="18" name="IO_13/TCK" type="bidirectional"/>
        <pin num="19" name="CMD" type="passive"/>
        <pin num="20" name="IO_10/SD3" type="bidirectional"/>
        <pin num="21" name="TXD" type="passive"/>
        <pin num="22" name="GND" type="power_in"/>
        <pin num="23" name="RXD" type="passive"/>
        <pin num="24" name="IO_27" type="bidirectional"/>
        <pin num="25" name="IO_22/D1/SCL" type="bidirectional"/>
        <pin num="26" name="IO_25" type="bidirectional"/>
        <pin num="27" name="IO_21/D2/SDA" type="bidirectional"/>
        <pin num="28" name="IO_32" type="bidirectional"/>
        <pin num="29" name="IO_17/D3" type="bidirectional"/>
        <pin num="30" name="IO_12/TDI" type="bidirectional"/>
        <pin num="31" name="IO_16/D4" type="bidirectional"/>
        <pin num="32" name="IO_04" type="bidirectional"/>
        <pin num="33" name="GND" type="power_in"/>
        <pin num="34" name="IO_00" type="bidirectional"/>
        <pin num="35" name="VCC_(USB)" type="power_in"/>
        <pin num="36" name="IO_02" type="bidirectional"/>
        <pin num="37" name="TD0" type="passive"/>
        <pin num="38" name="SD1" type="passive"/>
        <pin num="39" name="SD0" type="passive"/>
        <pin num="40" name="CLK" type="passive"/>
      </pins>
    </libpart>
    <libpart lib="Device" part="C">
      <description>Unpolarized capacitor</description>
      <docs>~</docs>
      <footprints>
        <fp>C_*</fp>
      </footprints>
      <fields>
        <field name="Reference">C</field>
        <field name="Value">C</field>
        <field name="Datasheet">~</field>
      </fields>
      <pins>
        <pin num="1" name="" type="passive"/>
        <pin num="2" name="" type="passive"/>
      </pins>
    </libpart>
    <libpart lib="Device" part="LED">
      <description>Light emitting diode</description>
      <docs>~</docs>
      <footprints>
        <fp>LED*</fp>
        <fp>LED_SMD:*</fp>
        <fp>LED_THT:*</fp>
      </footprints>
      <fields>
        <field name="Reference">D</field>
        <field name="Value">LED</field>
        <field name="Datasheet">~</field>
      </fields>
      <pins>
        <pin num="1" name="K" type="passive"/>
        <pin num="2" name="A" type="passive"/>
      </pins>
    </libpart>
    <libpart lib="Device" part="R">
      <description>Resistor</description>
      <docs>~</docs>
      <footprints>
        <fp>R_*</fp>
      </footprints>
      <fields>
        <field name="Reference">R</field>
        <field name="Value">R</field>
        <field name="Datasheet">~</field>
      </fields>
      <pins>
        <pin num="1" name="" type="passive"/>
        <pin num="2" name="" type="passive"/>
      </pins>
    </libpart>
    <libpart lib="Diode" part="1N4448W">
      <description>100V 0.15A High-speed standard diode, SOD-123</description>
      <docs>https://www.vishay.com/docs/85722/1n4448w.pdf</docs>
      <footprints>
        <fp>D*SOD?123*</fp>
      </footprints>
      <fields>
        <field name="Reference">D</field>
        <field name="Value">1N4448W</field>
        <field name="Footprint">Diode_SMD:D_SOD-123</field>
        <field name="Datasheet">https://www.vishay.com/docs/85722/1n4448w.pdf</field>
      </fields>
      <pins>
        <pin num="1" name="K" type="passive"/>
        <pin num="2" name="A" type="passive"/>
      </pins>
    </libpart>
    <libpart lib="Mechanical" part="MountingHole">
      <description>Mounting Hole without connection</description>
      <docs>~</docs>
      <footprints>
        <fp>MountingHole*</fp>
      </footprints>
      <fields>
        <field name="Reference">H</field>
        <field name="Value">MountingHole</field>
        <field name="Datasheet">~</field>
      </fields>
    </libpart>
    <libpart lib="Memory_EPROM" part="27C64">
      <description>OTP EPROM 64 KiBit, [Obsolete 2004-01]</description>
      <docs>http://ww1.microchip.com/downloads/en/DeviceDoc/11107M.pdf</docs>
      <footprints>
        <fp>DIP*W15.24mm*</fp>
      </footprints>
      <fields>
        <field name="Reference">U</field>
        <field name="Value">27C64</field>
        <field name="Footprint">Package_DIP:DIP-28_W15.24mm</field>
        <field name="Datasheet">http://ww1.microchip.com/downloads/en/DeviceDoc/11107M.pdf</field>
      </fields>
      <pins>
        <pin num="1" name="VPP" type="input"/>
        <pin num="2" name="A12" type="input"/>
        <pin num="3" name="A7" type="input"/>
        <pin num="4" name="A6" type="input"/>
        <pin num="5" name="A5" type="input"/>
        <pin num="6" name="A4" type="input"/>
        <pin num="7" name="A3" type="input"/>
        <pin num="8" name="A2" type="input"/>
        <pin num="9" name="A1" type="input"/>
        <pin num="10" name="A0" type="input"/>
        <pin num="11" name="D0" type="tri_state"/>
        <pin num="12" name="D1" type="tri_state"/>
        <pin num="13" name="D2" type="tri_state"/>
        <pin num="14" name="GND" type="power_in"/>
        <pin num="15" name="D3" type="tri_state"/>
        <pin num="16" name="D4" type="tri_state"/>
        <pin num="17" name="D5" type="tri_state"/>
        <pin num="18" name="D6" type="tri_state"/>
        <pin num="19" name="D7" type="tri_state"/>
        <pin num="20" name="~{CE}" type="input"/>
        <pin num="21" name="A10" type="input"/>
        <pin num="22" name="~{OE}" type="input"/>
        <pin num="23" name="A11" type="input"/>
        <pin num="24" name="A9" type="input"/>
        <pin num="25" name="A8" type="input"/>
        <pin num="26" name="NC" type="no_connect"/>
        <pin num="27" name="~{PGM}" type="input"/>
        <pin num="28" name="VCC" type="power_in"/>
      </pins>
    </libpart>
    <libpart lib="SN74LVC1G04DBVTG4" part="SN74LVC1G04DBVTG4">
      <description>Single Inverter</description>
      <fields>
        <field name="Value">SN74LVC1G04DBVTG4</field>
        <field name="Reference_1">IC</field>
        <field name="Value_1">SN74LVC1G04DBVTG4</field>
        <field name="Footprint_1">SOT95P280X145-5N</field>
        <field name="Datasheet_1">http://www.ti.com/lit/gpn/SN74LVC1G04</field>
        <field name="Height">1.45</field>
        <field name="Mouser Part Number">595-74LVC1G04DBVTG4</field>
        <field name="Mouser Price/Stock">https://www.mouser.co.uk/ProductDetail/Texas-Instruments/SN74LVC1G04DBVTG4?qs=glQR3cLZh259V%2Fk0B8y9Vg%3D%3D</field>
        <field name="Manufacturer_Name">Texas Instruments</field>
        <field name="Manufacturer_Part_Number">SN74LVC1G04DBVTG4</field>
      </fields>
      <pins>
        <pin num="1" name="NC" type="no_connect"/>
        <pin num="2" name="A" type="passive"/>
        <pin num="3" name="GND" type="passive"/>
        <pin num="4" name="Y" type="passive"/>
        <pin num="5" name="VCC" type="passive"/>
      </pins>
    </libpart>
    <libpart lib="Switch" part="SW_SPST">
      <description>Single Pole Single Throw (SPST) switch</description>
      <docs>~</docs>
      <fields>
        <field name="Reference">SW</field>
        <field name="Value">SW_SPST</field>
        <field name="Datasheet">~</field>
      </fields>
      <pins>
        <pin num="1" name="A" type="passive"/>
        <pin num="2" name="B" type="passive"/>
      </pins>
    </libpart>
  </libparts>
  <libraries>
    <library logical="74xGxx">
      <uri>/usr/share/kicad/symbols//74xGxx.lib</uri>
    </library>
    <library logical="Chat64_Library">
      <uri>/home/bart/Electronica/C64_Cartridge/Production-ESP32-Hardware-SMD/Chat64_Library.kicad_sym</uri>
    </library>
    <library logical="Device">
      <uri>/usr/share/kicad/symbols//Device.lib</uri>
    </library>
    <library logical="Diode">
      <uri>/usr/share/kicad/symbols//Diode.lib</uri>
    </library>
    <library logical="Mechanical">
      <uri>/usr/share/kicad/symbols//Mechanical.lib</uri>
    </library>
    <library logical="Memory_EPROM">
      <uri>/usr/share/kicad/symbols//Memory_EPROM.lib</uri>
    </library>
    <library logical="SN74LVC1G04DBVTG4">
      <uri>/home/bart/Electronica/C64_Cartridge/Production-ESP32-Hardware-SMD/LIB_SN74LVC1G04DBVTG4/SN74LVC1G04DBVTG4/KiCad/SN74LVC1G04DBVTG4.kicad_sym</uri>
    </library>
    <library logical="Switch">
      <uri>/usr/share/kicad/symbols//Switch.lib</uri>
    </library>
  </libraries>
  <nets>
    <net code="2" name="+5V">
      <node ref="C2" pin="1" pintype="passive"/>
      <node ref="C3" pin="1" pintype="passive"/>
      <node ref="C4" pin="1" pintype="passive"/>
      <node ref="C5" pin="1" pintype="passive"/>
      <node ref="C6" pin="1" pintype="passive"/>
      <node ref="C7" pin="1" pintype="passive"/>
      <node ref="C8" pin="1" pintype="passive"/>
      <node ref="C9" pin="1" pintype="passive"/>
      <node ref="D2" pin="2" pinfunction="A" pintype="passive"/>
      <node ref="U3" pin="5" pinfunction="VCC" pintype="power_in"/>
      <node ref="U4" pin="20" pinfunction="VCC" pintype="power_in"/>
      <node ref="U5" pin="5" pinfunction="VCC" pintype="power_in"/>
      <node ref="U6" pin="5" pinfunction="VCC" pintype="passive"/>
      <node ref="U9" pin="10" pinfunction="~{MR}" pintype="passive"/>
      <node ref="U9" pin="16" pinfunction="VCC" pintype="passive"/>
    </net>
    <net code="16" name="D0">
      <node ref="U4" pin="18" pinfunction="1Y1" pintype="tri_state"/>
      <node ref="U9" pin="15" pinfunction="D0" pintype="passive"/>
    </net>
    <net code="17" name="D1">
      <node ref="U4" pin="16" pinfunction="1Y2" pintype="tri_state"/>
      <node ref="U9" pin="1" pinfunction="D1" pintype="passive"/>
    </net>
    <net code="18" name="D2">
      <node ref="U4" pin="14" pinfunction="1Y3" pintype="tri_state"/>
      <node ref="U9" pin="2" pinfunction="D2" pintype="passive"/>
    </net>
    <net code="19" name="D3">
      <node ref="U4" pin="12" pinfunction="1Y4" pintype="tri_state"/>
      <node ref="U9" pin="3" pinfunction="D3" pintype="passive"/>
    </net>
    <net code="20" name="D4">
      <node ref="U4" pin="9" pinfunction="2Y1" pintype="tri_state"/>
      <node ref="U9" pin="4" pinfunction="D4" pintype="passive"/>
    </net>
    <net code="21" name="D5">
      <node ref="U4" pin="7" pinfunction="2Y2" pintype="tri_state"/>
      <node ref="U9" pin="5" pinfunction="D5" pintype="passive"/>
    </net>
    <net code="22" name="D6">
      <node ref="U4" pin="5" pinfunction="2Y3" pintype="tri_state"/>
      <node ref="U9" pin="6" pinfunction="D6" pintype="passive"/>
    </net>
    <net code="23" name="D7">
      <node ref="U4" pin="3" pinfunction="2Y4" pintype="tri_state"/>
      <node ref="U9" pin="7" pinfunction="D7" pintype="passive"/>
    </net>
    <net code="24" name="GND">
      <node ref="C1" pin="2" pintype="passive"/>
      <node ref="C2" pin="2" pintype="passive"/>
      <node ref="C3" pin="2" pintype="passive"/>
      <node ref="C4" pin="2" pintype="passive"/>
      <node ref="C5" pin="2" pintype="passive"/>
      <node ref="C6" pin="2" pintype="passive"/>
      <node ref="C7" pin="2" pintype="passive"/>
      <node ref="C8" pin="2" pintype="passive"/>
      <node ref="C9" pin="2" pintype="passive"/>
      <node ref="D1" pin="1" pinfunction="K" pintype="passive"/>
      <node ref="R6" pin="2" pintype="passive"/>
      <node ref="R7" pin="2" pintype="passive"/>
      <node ref="R8" pin="2" pintype="passive"/>
      <node ref="U3" pin="3" pinfunction="GND" pintype="power_in"/>
      <node ref="U4" pin="10" pinfunction="GND" pintype="power_in"/>
      <node ref="U5" pin="3" pinfunction="GND" pintype="power_in"/>
      <node ref="U6" pin="3" pinfunction="GND" pintype="passive"/>
      <node ref="U9" pin="8" pinfunction="GND" pintype="passive"/>
    </net>
    <net code="25" name="IO1">
      <node ref="U5" pin="2" pintype="input"/>
    </net>
    <net code="26" name="IO2">
      <node ref="R5" pin="1" pintype="passive"/>
      <node ref="U4" pin="1" pinfunction="1~{G}" pintype="input"/>
      <node ref="U4" pin="19" pinfunction="2~{G}" pintype="input"/>
    </net>
    <net code="27" name="IO2e">
      <node ref="R5" pin="2" pintype="passive"/>
      <node ref="R8" pin="1" pintype="passive"/>
    </net>
    <net code="28" name="LED">
      <node ref="R1" pin="1" pintype="passive"/>
    </net>
    <net code="29" name="Net-(D1-Pad2)">
      <node ref="D1" pin="2" pinfunction="A" pintype="passive"/>
      <node ref="R1" pin="2" pintype="passive"/>
    </net>
    <net code="30" name="Net-(D2-Pad1)">
      <node ref="D2" pin="1" pinfunction="K" pintype="passive"/>
    </net>
    <net code="31" name="Net-(R2-Pad1)">
      <node ref="R2" pin="1" pintype="passive"/>
      <node ref="R3" pin="1" pintype="passive"/>
      <node ref="U5" pin="4" pintype="output"/>
    </net>
    <net code="34" name="oD0">
      <node ref="U4" pin="2" pinfunction="1A1" pintype="input"/>
    </net>
    <net code="35" name="oD1">
      <node ref="U4" pin="4" pinfunction="1A2" pintype="input"/>
    </net>
    <net code="36" name="oD2">
      <node ref="U4" pin="6" pinfunction="1A3" pintype="input"/>
    </net>
    <net code="37" name="oD3">
      <node ref="U4" pin="8" pinfunction="1A4" pintype="input"/>
    </net>
    <net code="38" name="oD4">
      <node ref="U4" pin="11" pinfunction="2A1" pintype="input"/>
    </net>
    <net code="39" name="oD5">
      <node ref="U4" pin="13" pinfunction="2A2" pintype="input"/>
    </net>
    <net code="40" name="oD6">
      <node ref="U4" pin="15" pinfunction="2A3" pintype="input"/>
    </net>
    <net code="41" name="oD7">
      <node ref="U4" pin="17" pinfunction="2A4" pintype="input"/>
    </net>
    <net code="42" name="oNMI">
      <node ref="U3" pin="2" pintype="input"/>
    </net>
    <net code="43" name="oRST">
      <node ref="U6" pin="2" pinfunction="A" pintype="passive"/>
    </net>
    <net code="44" name="sclk">
      <node ref="U9" pin="11" pinfunction="SHCP" pintype="passive"/>
    </net>
    <net code="45" name="sdata">
      <node ref="R4" pin="1" pintype="passive"/>
      <node ref="U9" pin="9" pinfunction="Q" pintype="passive"/>
    </net>
    <net code="46" name="sdatae">
      <node ref="R4" pin="2" pintype="passive"/>
      <node ref="R7" pin="1" pintype="passive"/>
    </net>
    <net code="76" name="unconnected-(U3-Pad1)">
      <node ref="U3" pin="1" pinfunction="NC" pintype="no_connect"/>
    </net>
    <net code="77" name="unconnected-(U5-Pad1)">
      <node ref="U5" pin="1" pinfunction="NC" pintype="no_connect"/>
    </net>
    <net code="78" name="unconnected-(U6-Pad1)">
      <node ref="U6" pin="1" pinfunction="NC" pintype="no_connect"/>
    </net>
    <net code="80" name="unconnected-(U9-Pad14)">
      <node ref="U9" pin="14" pinfunction="DS" pintype="passive+no_connect"/>
    </net>
    <net code="81" name="~{IO1e}">
      <node ref="R3" pin="2" pintype="passive"/>
      <node ref="R6" pin="1" pintype="passive"/>
    </net>
    <net code="82" name="~{IO1}">
      <node ref="C1" pin="1" pintype="passive"/>
      <node ref="R2" pin="2" pintype="passive"/>
      <node ref="U9" pin="12" pinfunction="STCP" pintype="passive"/>
    </net>
    <net code="83" name="~{NMI}">
      <node ref="U3" pin="4" pintype="output"/>
    </net>
    <net code="84" name="~{RST}">
      <node ref="U6" pin="4" pinfunction="Y" pintype="passive"/>
    </net>
    <net code="85" name="~{pload}">
      <node ref="U9" pin="13" pinfunction="~{PL}" pintype="passive"/>
    </net>
  </nets>
</export>
