<?xml version="1.0" encoding="UTF-8"?>
<export version="E">
  <design>
    <source>/home/bart/Electronica/C64_Cartridge/Chat_2024/Chat_2024.kicad_sch</source>
    <date>Sun 10 Dec 2023 15:47:25 CET</date>
    <tool>Eeschema 6.0.11-2627ca5db0~126~ubuntu20.04.1</tool>
    <sheet number="1" name="/" tstamps="/">
      <title_block>
        <title/>
        <company/>
        <rev/>
        <date/>
        <source>Chat_2024.kicad_sch</source>
        <comment number="1" value=""/>
        <comment number="2" value=""/>
        <comment number="3" value=""/>
        <comment number="4" value=""/>
        <comment number="5" value=""/>
        <comment number="6" value=""/>
        <comment number="7" value=""/>
        <comment number="8" value=""/>
        <comment number="9" value=""/>
      </title_block>
    </sheet>
  </design>
  <components>
    <comp ref="C3">
      <value>100n</value>
      <footprint>Capacitor_THT:C_Disc_D4.3mm_W1.9mm_P5.00mm</footprint>
      <libsource lib="Device" part="C" description="Unpolarized capacitor"/>
      <property name="Sheetname" value=""/>
      <property name="Sheetfile" value="Chat_2024.kicad_sch"/>
      <sheetpath names="/" tstamps="/"/>
      <tstamps>00000000-0000-0000-0000-0000635f81f2</tstamps>
    </comp>
    <comp ref="C4">
      <value>100n</value>
      <footprint>Capacitor_THT:C_Disc_D4.3mm_W1.9mm_P5.00mm</footprint>
      <libsource lib="Device" part="C" description="Unpolarized capacitor"/>
      <property name="Sheetname" value=""/>
      <property name="Sheetfile" value="Chat_2024.kicad_sch"/>
      <sheetpath names="/" tstamps="/"/>
      <tstamps>00000000-0000-0000-0000-0000635fbb3c</tstamps>
    </comp>
    <comp ref="C5">
      <value>100n</value>
      <footprint>Capacitor_THT:C_Disc_D4.3mm_W1.9mm_P5.00mm</footprint>
      <libsource lib="Device" part="C" description="Unpolarized capacitor"/>
      <property name="Sheetname" value=""/>
      <property name="Sheetfile" value="Chat_2024.kicad_sch"/>
      <sheetpath names="/" tstamps="/"/>
      <tstamps>00000000-0000-0000-0000-0000635feed1</tstamps>
    </comp>
    <comp ref="D1">
      <value>LED</value>
      <footprint>LED_THT:LED_D3.0mm</footprint>
      <libsource lib="Device" part="LED" description="Light emitting diode"/>
      <property name="Sheetname" value=""/>
      <property name="Sheetfile" value="Chat_2024.kicad_sch"/>
      <sheetpath names="/" tstamps="/"/>
      <tstamps>00000000-0000-0000-0000-0000635b6a61</tstamps>
    </comp>
    <comp ref="D2">
      <value>BAT86</value>
      <footprint>Diode_THT:D_DO-34_SOD68_P7.62mm_Horizontal</footprint>
      <libsource lib="Device" part="D_Schottky" description="Schottky diode"/>
      <property name="Sheetname" value=""/>
      <property name="Sheetfile" value="Chat_2024.kicad_sch"/>
      <sheetpath names="/" tstamps="/"/>
      <tstamps>00000000-0000-0000-0000-000063e0e073</tstamps>
    </comp>
    <comp ref="H1">
      <value>MountingHole</value>
      <footprint>MountingHole:MountingHole_3.2mm_M3</footprint>
      <libsource lib="Mechanical" part="MountingHole" description="Mounting Hole without connection"/>
      <property name="Sheetname" value=""/>
      <property name="Sheetfile" value="Chat_2024.kicad_sch"/>
      <sheetpath names="/" tstamps="/"/>
      <tstamps>5ff0cd62-1cbd-4430-8574-9a6330ff72e9</tstamps>
    </comp>
    <comp ref="LOGO1">
      <value>Logo_Open_Hardware_Small</value>
      <footprint>Symbol:OSHW-Logo2_14.6x12mm_SilkScreen</footprint>
      <libsource lib="Graphic" part="Logo_Open_Hardware_Small" description="Open Hardware logo, small"/>
      <property name="Sheetname" value=""/>
      <property name="Sheetfile" value="Chat_2024.kicad_sch"/>
      <sheetpath names="/" tstamps="/"/>
      <tstamps>bd4035ea-a604-47da-bfe2-9b0df9a7dc1a</tstamps>
    </comp>
    <comp ref="R2">
      <value>1k5</value>
      <footprint>Resistor_THT:R_Axial_DIN0204_L3.6mm_D1.6mm_P5.08mm_Horizontal</footprint>
      <libsource lib="Device" part="R" description="Resistor"/>
      <property name="Sheetname" value=""/>
      <property name="Sheetfile" value="Chat_2024.kicad_sch"/>
      <sheetpath names="/" tstamps="/"/>
      <tstamps>00000000-0000-0000-0000-000063bf3805</tstamps>
    </comp>
    <comp ref="R3">
      <value>2k7</value>
      <footprint>Resistor_THT:R_Axial_DIN0204_L3.6mm_D1.6mm_P5.08mm_Horizontal</footprint>
      <libsource lib="Device" part="R" description="Resistor"/>
      <property name="Sheetname" value=""/>
      <property name="Sheetfile" value="Chat_2024.kicad_sch"/>
      <sheetpath names="/" tstamps="/"/>
      <tstamps>a4287370-b1b0-4adc-bc52-67864c1deb8d</tstamps>
    </comp>
    <comp ref="R4">
      <value>1k5</value>
      <footprint>Resistor_THT:R_Axial_DIN0204_L3.6mm_D1.6mm_P5.08mm_Horizontal</footprint>
      <libsource lib="Device" part="R" description="Resistor"/>
      <property name="Sheetname" value=""/>
      <property name="Sheetfile" value="Chat_2024.kicad_sch"/>
      <sheetpath names="/" tstamps="/"/>
      <tstamps>7bc9b2e9-cda9-4c62-ba4c-b1be5c330db5</tstamps>
    </comp>
    <comp ref="R5">
      <value>2k7</value>
      <footprint>Resistor_THT:R_Axial_DIN0204_L3.6mm_D1.6mm_P5.08mm_Horizontal</footprint>
      <libsource lib="Device" part="R" description="Resistor"/>
      <property name="Sheetname" value=""/>
      <property name="Sheetfile" value="Chat_2024.kicad_sch"/>
      <sheetpath names="/" tstamps="/"/>
      <tstamps>04c842a4-1809-4c5c-b18b-44e8f4e70d89</tstamps>
    </comp>
    <comp ref="R6">
      <value>1k5</value>
      <footprint>Resistor_THT:R_Axial_DIN0204_L3.6mm_D1.6mm_P5.08mm_Horizontal</footprint>
      <libsource lib="Device" part="R" description="Resistor"/>
      <property name="Sheetname" value=""/>
      <property name="Sheetfile" value="Chat_2024.kicad_sch"/>
      <sheetpath names="/" tstamps="/"/>
      <tstamps>4a02a00d-2f2a-4d6d-9fae-aa7d0bddce4f</tstamps>
    </comp>
    <comp ref="R7">
      <value>2k7</value>
      <footprint>Resistor_THT:R_Axial_DIN0204_L3.6mm_D1.6mm_P5.08mm_Horizontal</footprint>
      <libsource lib="Device" part="R" description="Resistor"/>
      <property name="Sheetname" value=""/>
      <property name="Sheetfile" value="Chat_2024.kicad_sch"/>
      <sheetpath names="/" tstamps="/"/>
      <tstamps>4a762627-2eb3-44d3-835d-fdab158c0b54</tstamps>
    </comp>
    <comp ref="R8">
      <value>270Ω</value>
      <footprint>Resistor_THT:R_Axial_DIN0204_L3.6mm_D1.6mm_P5.08mm_Horizontal</footprint>
      <libsource lib="Device" part="R" description="Resistor"/>
      <property name="Sheetname" value=""/>
      <property name="Sheetfile" value="Chat_2024.kicad_sch"/>
      <sheetpath names="/" tstamps="/"/>
      <tstamps>00000000-0000-0000-0000-0000635b2911</tstamps>
    </comp>
    <comp ref="SW1">
      <value>SW_Push</value>
      <footprint>Button_Switch_THT:SW_PUSH_6mm</footprint>
      <libsource lib="Switch" part="SW_Push" description="Push button switch, generic, two pins"/>
      <property name="Sheetname" value=""/>
      <property name="Sheetfile" value="Chat_2024.kicad_sch"/>
      <sheetpath names="/" tstamps="/"/>
      <tstamps>03ca5b0a-3054-4a89-a2df-57b923157935</tstamps>
    </comp>
    <comp ref="U1">
      <value>C64-Exp-Port</value>
      <footprint>KicadFootprints:C64-Cart-NoSilkS</footprint>
      <datasheet>DOCUMENTATION</datasheet>
      <libsource lib="Barts_Kicad_Lib" part="C64-Exp-Port" description=""/>
      <property name="Sheetname" value=""/>
      <property name="Sheetfile" value="Chat_2024.kicad_sch"/>
      <sheetpath names="/" tstamps="/"/>
      <tstamps>00000000-0000-0000-0000-000063535c73</tstamps>
    </comp>
    <comp ref="U2">
      <value>mini_esp32</value>
      <footprint>KicadFootprints:ESP32_mini</footprint>
      <libsource lib="Barts_Kicad_Lib" part="mini_esp32" description=""/>
      <property name="Sheetname" value=""/>
      <property name="Sheetfile" value="Chat_2024.kicad_sch"/>
      <sheetpath names="/" tstamps="/"/>
      <tstamps>00000000-0000-0000-0000-0000635345a3</tstamps>
    </comp>
    <comp ref="U3">
      <value>74LS244</value>
      <footprint>Package_DIP:DIP-20_W7.62mm_LongPads</footprint>
      <datasheet>http://www.ti.com/lit/gpn/sn74LS244</datasheet>
      <libsource lib="74xx" part="74LS244" description="8-bit Bus Buffer 3-State outputs"/>
      <property name="Sheetname" value=""/>
      <property name="Sheetfile" value="Chat_2024.kicad_sch"/>
      <sheetpath names="/" tstamps="/"/>
      <tstamps>39dd0422-f730-4a45-b72c-ef9ee979050d</tstamps>
    </comp>
    <comp ref="U4">
      <value>74HC597</value>
      <footprint>Package_DIP:DIP-16_W7.62mm_LongPads</footprint>
      <datasheet>https://www.onsemi.com/pdf/datasheet/mc74hc597a-d.pdf</datasheet>
      <libsource lib="74hc597" part="74HC597" description="Shift Register 8-bit, parallel load"/>
      <property name="Sheetname" value=""/>
      <property name="Sheetfile" value="Chat_2024.kicad_sch"/>
      <sheetpath names="/" tstamps="/"/>
      <tstamps>1c2796e4-4668-410c-86ac-4497bad6b97d</tstamps>
    </comp>
    <comp ref="U6">
      <value>EEPROM 8K</value>
      <footprint>Package_DIP:DIP-28_W15.24mm_LongPads</footprint>
      <datasheet>http://ww1.microchip.com/downloads/en/DeviceDoc/11107M.pdf</datasheet>
      <libsource lib="Memory_EPROM" part="27C64" description="OTP EPROM 64 KiBit, [Obsolete 2004-01]"/>
      <property name="Sheetname" value=""/>
      <property name="Sheetfile" value="Chat_2024.kicad_sch"/>
      <sheetpath names="/" tstamps="/"/>
      <tstamps>00000000-0000-0000-0000-000063590bbd</tstamps>
    </comp>
    <comp ref="U7">
      <value>74LS14</value>
      <footprint>Package_DIP:DIP-14_W7.62mm_LongPads</footprint>
      <datasheet>http://www.ti.com/lit/gpn/sn74LS14</datasheet>
      <libsource lib="74xx" part="74LS14" description="Hex inverter schmitt trigger"/>
      <property name="Sheetname" value=""/>
      <property name="Sheetfile" value="Chat_2024.kicad_sch"/>
      <sheetpath names="/" tstamps="/"/>
      <tstamps>8cc92fe3-c60b-44d1-886a-10f75d12234d 30d3cdcd-fe3f-4976-84df-d87485939738 46f7307b-7b3a-45c6-ab2f-97bb177fbe05 18299034-f26c-49b5-97fc-68f2f06a5efc 00000000-0000-0000-0000-000063e3010a 603da117-1c66-4812-a516-21446dc01a86 00000000-0000-0000-0000-000063d3b973</tstamps>
    </comp>
  </components>
  <libparts>
    <libpart lib="74hc597" part="74HC597">
      <description>Shift Register 8-bit, parallel load</description>
      <docs>https://www.onsemi.com/pdf/datasheet/mc74hc597a-d.pdf</docs>
      <footprints>
        <fp>DIP?16*</fp>
      </footprints>
      <fields>
        <field name="Reference">U</field>
        <field name="Value">74HC597</field>
        <field name="Datasheet">https://www.onsemi.com/pdf/datasheet/mc74hc597a-d.pdf</field>
      </fields>
      <pins>
        <pin num="1" name="D1" type="input"/>
        <pin num="2" name="D2" type="input"/>
        <pin num="3" name="D3" type="input"/>
        <pin num="4" name="D4" type="input"/>
        <pin num="5" name="D5" type="input"/>
        <pin num="6" name="D6" type="input"/>
        <pin num="7" name="D7" type="input"/>
        <pin num="8" name="GND" type="power_in"/>
        <pin num="9" name="Q7" type="output"/>
        <pin num="10" name="~{RST}" type="input"/>
        <pin num="11" name="SCLK" type="input"/>
        <pin num="12" name="Latch" type="input"/>
        <pin num="13" name="~{PLOAD}" type="input"/>
        <pin num="14" name="Ser_in" type="input"/>
        <pin num="15" name="D0" type="input"/>
        <pin num="16" name="VCC" type="power_in"/>
      </pins>
    </libpart>
    <libpart lib="74xx" part="74LS14">
      <description>Hex inverter schmitt trigger</description>
      <docs>http://www.ti.com/lit/gpn/sn74LS14</docs>
      <footprints>
        <fp>DIP*W7.62mm*</fp>
      </footprints>
      <fields>
        <field name="Reference">U</field>
        <field name="Value">74LS14</field>
        <field name="Datasheet">http://www.ti.com/lit/gpn/sn74LS14</field>
      </fields>
      <pins>
        <pin num="1" name="" type="input"/>
        <pin num="2" name="" type="output"/>
        <pin num="3" name="" type="input"/>
        <pin num="4" name="" type="output"/>
        <pin num="5" name="" type="input"/>
        <pin num="6" name="" type="output"/>
        <pin num="7" name="GND" type="power_in"/>
        <pin num="8" name="" type="output"/>
        <pin num="9" name="" type="input"/>
        <pin num="10" name="" type="output"/>
        <pin num="11" name="" type="input"/>
        <pin num="12" name="" type="output"/>
        <pin num="13" name="" type="input"/>
        <pin num="14" name="VCC" type="power_in"/>
      </pins>
    </libpart>
    <libpart lib="74xx" part="74LS244">
      <description>8-bit Bus Buffer 3-State outputs</description>
      <docs>http://www.ti.com/lit/gpn/sn74LS244</docs>
      <footprints>
        <fp>DIP?20*</fp>
      </footprints>
      <fields>
        <field name="Reference">U</field>
        <field name="Value">74LS244</field>
        <field name="Datasheet">http://www.ti.com/lit/gpn/sn74LS244</field>
      </fields>
      <pins>
        <pin num="1" name="OEa" type="input"/>
        <pin num="2" name="I0a" type="input"/>
        <pin num="3" name="O3b" type="tri_state"/>
        <pin num="4" name="I1a" type="input"/>
        <pin num="5" name="O2b" type="tri_state"/>
        <pin num="6" name="I2a" type="input"/>
        <pin num="7" name="O1b" type="tri_state"/>
        <pin num="8" name="I3a" type="input"/>
        <pin num="9" name="O0b" type="tri_state"/>
        <pin num="10" name="GND" type="power_in"/>
        <pin num="11" name="I0b" type="input"/>
        <pin num="12" name="O3a" type="tri_state"/>
        <pin num="13" name="I1b" type="input"/>
        <pin num="14" name="O2a" type="tri_state"/>
        <pin num="15" name="I2b" type="input"/>
        <pin num="16" name="O1a" type="tri_state"/>
        <pin num="17" name="I3b" type="input"/>
        <pin num="18" name="O0a" type="tri_state"/>
        <pin num="19" name="OEb" type="input"/>
        <pin num="20" name="VCC" type="power_in"/>
      </pins>
    </libpart>
    <libpart lib="Barts_Kicad_Lib" part="C64-Exp-Port">
      <docs>DOCUMENTATION</docs>
      <fields>
        <field name="Reference">U</field>
        <field name="Value">Barts_Kicad_Lib_C64-Exp-Port</field>
        <field name="Footprint">MODULE</field>
        <field name="Datasheet">DOCUMENTATION</field>
      </fields>
      <pins>
        <pin num="1" name="GND" type="power_in"/>
        <pin num="2" name="+5V" type="power_in"/>
        <pin num="3" name="+5V" type="power_in"/>
        <pin num="4" name="/IRQ" type="passive"/>
        <pin num="5" name="R-/W" type="passive"/>
        <pin num="6" name="DOT_Clk" type="passive"/>
        <pin num="7" name="/I/O1" type="passive"/>
        <pin num="8" name="/GAME" type="passive"/>
        <pin num="9" name="/EXROM" type="passive"/>
        <pin num="10" name="/I/O2" type="passive"/>
        <pin num="11" name="/ROML" type="passive"/>
        <pin num="12" name="BA" type="passive"/>
        <pin num="13" name="/DMA" type="passive"/>
        <pin num="14" name="D7" type="passive"/>
        <pin num="15" name="D6" type="passive"/>
        <pin num="16" name="D5" type="passive"/>
        <pin num="17" name="D4" type="passive"/>
        <pin num="18" name="D3" type="passive"/>
        <pin num="19" name="D2" type="passive"/>
        <pin num="20" name="D1" type="passive"/>
        <pin num="21" name="D0" type="passive"/>
        <pin num="22" name="GND" type="power_in"/>
        <pin num="A" name="GND" type="power_in"/>
        <pin num="B" name="/ROMH" type="passive"/>
        <pin num="C" name="/RESET" type="passive"/>
        <pin num="D" name="/NMI" type="passive"/>
        <pin num="E" name="PHI2" type="passive"/>
        <pin num="F" name="A15" type="passive"/>
        <pin num="H" name="A14" type="passive"/>
        <pin num="J" name="A13" type="passive"/>
        <pin num="K" name="A12" type="passive"/>
        <pin num="L" name="A11" type="passive"/>
        <pin num="M" name="A10" type="passive"/>
        <pin num="N" name="A9" type="passive"/>
        <pin num="P" name="A8" type="passive"/>
        <pin num="R" name="A7" type="passive"/>
        <pin num="S" name="A6" type="passive"/>
        <pin num="T" name="A5" type="passive"/>
        <pin num="U" name="A4" type="passive"/>
        <pin num="V" name="A3" type="passive"/>
        <pin num="W" name="A2" type="passive"/>
        <pin num="X" name="A1" type="passive"/>
        <pin num="Y" name="A0" type="passive"/>
        <pin num="Z" name="GND" type="power_in"/>
      </pins>
    </libpart>
    <libpart lib="Barts_Kicad_Lib" part="mini_esp32">
      <fields>
        <field name="Reference">U</field>
        <field name="Value">Barts_Kicad_Lib_mini_esp32</field>
      </fields>
      <pins>
        <pin num="1" name="GND" type="power_in"/>
        <pin num="2" name="RST" type="input"/>
        <pin num="3" name="NC" type="no_connect"/>
        <pin num="4" name="IO_36/SVP/A0" type="bidirectional"/>
        <pin num="5" name="IO_39/SVN" type="bidirectional"/>
        <pin num="6" name="IO_26/D0" type="bidirectional"/>
        <pin num="7" name="IO_35" type="bidirectional"/>
        <pin num="8" name="IO_18/D5" type="bidirectional"/>
        <pin num="9" name="IO_33" type="bidirectional"/>
        <pin num="10" name="IO_19/D6" type="bidirectional"/>
        <pin num="11" name="IO_34" type="bidirectional"/>
        <pin num="12" name="IO_23/D7" type="bidirectional"/>
        <pin num="13" name="IO_14/TMS" type="bidirectional"/>
        <pin num="14" name="IO_05/D8" type="bidirectional"/>
        <pin num="15" name="NC" type="no_connect"/>
        <pin num="16" name="3V3" type="power_in"/>
        <pin num="17" name="IO_09/SD2" type="bidirectional"/>
        <pin num="18" name="IO_13/TCK" type="bidirectional"/>
        <pin num="19" name="CMD" type="passive"/>
        <pin num="20" name="IO_10/SD3" type="bidirectional"/>
        <pin num="21" name="TXD" type="passive"/>
        <pin num="22" name="GND" type="power_in"/>
        <pin num="23" name="RXD" type="passive"/>
        <pin num="24" name="IO_27" type="bidirectional"/>
        <pin num="25" name="IO_22/D1/SCL" type="bidirectional"/>
        <pin num="26" name="IO_25" type="bidirectional"/>
        <pin num="27" name="IO_21/D2/SDA" type="bidirectional"/>
        <pin num="28" name="IO_32" type="bidirectional"/>
        <pin num="29" name="IO_17/D3" type="bidirectional"/>
        <pin num="30" name="IO_12/TDI" type="bidirectional"/>
        <pin num="31" name="IO_16/D4" type="bidirectional"/>
        <pin num="32" name="IO_04" type="bidirectional"/>
        <pin num="33" name="GND" type="power_in"/>
        <pin num="34" name="IO_00" type="bidirectional"/>
        <pin num="35" name="VCC_(USB)" type="power_in"/>
        <pin num="36" name="IO_02" type="bidirectional"/>
        <pin num="37" name="TD0" type="passive"/>
        <pin num="38" name="SD1" type="passive"/>
        <pin num="39" name="SD0" type="passive"/>
        <pin num="40" name="CLK" type="passive"/>
      </pins>
    </libpart>
    <libpart lib="Device" part="C">
      <description>Unpolarized capacitor</description>
      <docs>~</docs>
      <footprints>
        <fp>C_*</fp>
      </footprints>
      <fields>
        <field name="Reference">C</field>
        <field name="Value">C</field>
        <field name="Datasheet">~</field>
      </fields>
      <pins>
        <pin num="1" name="" type="passive"/>
        <pin num="2" name="" type="passive"/>
      </pins>
    </libpart>
    <libpart lib="Device" part="D_Schottky">
      <description>Schottky diode</description>
      <docs>~</docs>
      <footprints>
        <fp>TO-???*</fp>
        <fp>*_Diode_*</fp>
        <fp>*SingleDiode*</fp>
        <fp>D_*</fp>
      </footprints>
      <fields>
        <field name="Reference">D</field>
        <field name="Value">D_Schottky</field>
        <field name="Datasheet">~</field>
      </fields>
      <pins>
        <pin num="1" name="K" type="passive"/>
        <pin num="2" name="A" type="passive"/>
      </pins>
    </libpart>
    <libpart lib="Device" part="LED">
      <description>Light emitting diode</description>
      <docs>~</docs>
      <footprints>
        <fp>LED*</fp>
        <fp>LED_SMD:*</fp>
        <fp>LED_THT:*</fp>
      </footprints>
      <fields>
        <field name="Reference">D</field>
        <field name="Value">LED</field>
        <field name="Datasheet">~</field>
      </fields>
      <pins>
        <pin num="1" name="K" type="passive"/>
        <pin num="2" name="A" type="passive"/>
      </pins>
    </libpart>
    <libpart lib="Device" part="R">
      <description>Resistor</description>
      <docs>~</docs>
      <footprints>
        <fp>R_*</fp>
      </footprints>
      <fields>
        <field name="Reference">R</field>
        <field name="Value">R</field>
        <field name="Datasheet">~</field>
      </fields>
      <pins>
        <pin num="1" name="" type="passive"/>
        <pin num="2" name="" type="passive"/>
      </pins>
    </libpart>
    <libpart lib="Graphic" part="Logo_Open_Hardware_Small">
      <description>Open Hardware logo, small</description>
      <docs>~</docs>
      <fields>
        <field name="Reference">#LOGO</field>
        <field name="Value">Logo_Open_Hardware_Small</field>
        <field name="Datasheet">~</field>
      </fields>
    </libpart>
    <libpart lib="Mechanical" part="MountingHole">
      <description>Mounting Hole without connection</description>
      <docs>~</docs>
      <footprints>
        <fp>MountingHole*</fp>
      </footprints>
      <fields>
        <field name="Reference">H</field>
        <field name="Value">MountingHole</field>
        <field name="Datasheet">~</field>
      </fields>
    </libpart>
    <libpart lib="Memory_EPROM" part="27C64">
      <description>OTP EPROM 64 KiBit, [Obsolete 2004-01]</description>
      <docs>http://ww1.microchip.com/downloads/en/DeviceDoc/11107M.pdf</docs>
      <footprints>
        <fp>DIP*W15.24mm*</fp>
      </footprints>
      <fields>
        <field name="Reference">U</field>
        <field name="Value">27C64</field>
        <field name="Footprint">Package_DIP:DIP-28_W15.24mm</field>
        <field name="Datasheet">http://ww1.microchip.com/downloads/en/DeviceDoc/11107M.pdf</field>
      </fields>
      <pins>
        <pin num="1" name="VPP" type="input"/>
        <pin num="2" name="A12" type="input"/>
        <pin num="3" name="A7" type="input"/>
        <pin num="4" name="A6" type="input"/>
        <pin num="5" name="A5" type="input"/>
        <pin num="6" name="A4" type="input"/>
        <pin num="7" name="A3" type="input"/>
        <pin num="8" name="A2" type="input"/>
        <pin num="9" name="A1" type="input"/>
        <pin num="10" name="A0" type="input"/>
        <pin num="11" name="D0" type="tri_state"/>
        <pin num="12" name="D1" type="tri_state"/>
        <pin num="13" name="D2" type="tri_state"/>
        <pin num="14" name="GND" type="power_in"/>
        <pin num="15" name="D3" type="tri_state"/>
        <pin num="16" name="D4" type="tri_state"/>
        <pin num="17" name="D5" type="tri_state"/>
        <pin num="18" name="D6" type="tri_state"/>
        <pin num="19" name="D7" type="tri_state"/>
        <pin num="20" name="~{CE}" type="input"/>
        <pin num="21" name="A10" type="input"/>
        <pin num="22" name="~{OE}" type="input"/>
        <pin num="23" name="A11" type="input"/>
        <pin num="24" name="A9" type="input"/>
        <pin num="25" name="A8" type="input"/>
        <pin num="26" name="NC" type="no_connect"/>
        <pin num="27" name="~{PGM}" type="input"/>
        <pin num="28" name="VCC" type="power_in"/>
      </pins>
    </libpart>
    <libpart lib="Switch" part="SW_Push">
      <description>Push button switch, generic, two pins</description>
      <docs>~</docs>
      <fields>
        <field name="Reference">SW</field>
        <field name="Value">SW_Push</field>
        <field name="Datasheet">~</field>
      </fields>
      <pins>
        <pin num="1" name="1" type="passive"/>
        <pin num="2" name="2" type="passive"/>
      </pins>
    </libpart>
  </libparts>
  <libraries>
    <library logical="74hc597">
      <uri>/home/bart/Electronica/kicad_libs/Symbols/74hc597.kicad_sym</uri>
    </library>
    <library logical="74xx">
      <uri>/usr/share/kicad/symbols//74xx.lib</uri>
    </library>
    <library logical="Barts_Kicad_Lib">
      <uri>/home/bart/Electronica/kicad_libs/Symbols/Barts_Kicad_Lib.lib</uri>
    </library>
    <library logical="Device">
      <uri>/usr/share/kicad/symbols//Device.lib</uri>
    </library>
    <library logical="Graphic">
      <uri>/usr/share/kicad/symbols//Graphic.lib</uri>
    </library>
    <library logical="Mechanical">
      <uri>/usr/share/kicad/symbols//Mechanical.lib</uri>
    </library>
    <library logical="Memory_EPROM">
      <uri>/usr/share/kicad/symbols//Memory_EPROM.lib</uri>
    </library>
    <library logical="Switch">
      <uri>/usr/share/kicad/symbols//Switch.lib</uri>
    </library>
  </libraries>
  <nets>
    <net code="1" name="+3V3">
      <node ref="U2" pin="16" pinfunction="3V3" pintype="power_in"/>
    </net>
    <net code="2" name="+5V">
      <node ref="C3" pin="1" pintype="passive"/>
      <node ref="C4" pin="1" pintype="passive"/>
      <node ref="C5" pin="1" pintype="passive"/>
      <node ref="D2" pin="2" pinfunction="A" pintype="passive"/>
      <node ref="U1" pin="2" pinfunction="+5V" pintype="power_in"/>
      <node ref="U1" pin="3" pinfunction="+5V" pintype="power_in"/>
      <node ref="U3" pin="20" pinfunction="VCC" pintype="power_in"/>
      <node ref="U4" pin="10" pinfunction="~{RST}" pintype="input"/>
      <node ref="U4" pin="16" pinfunction="VCC" pintype="power_in"/>
      <node ref="U6" pin="1" pinfunction="VPP" pintype="input"/>
      <node ref="U6" pin="27" pinfunction="~{PGM}" pintype="input"/>
      <node ref="U6" pin="28" pinfunction="VCC" pintype="power_in"/>
      <node ref="U7" pin="14" pinfunction="VCC" pintype="power_in"/>
    </net>
    <net code="3" name="A0">
      <node ref="U1" pin="Y" pinfunction="A0" pintype="passive"/>
      <node ref="U6" pin="10" pinfunction="A0" pintype="input"/>
    </net>
    <net code="4" name="A1">
      <node ref="U1" pin="X" pinfunction="A1" pintype="passive"/>
      <node ref="U6" pin="9" pinfunction="A1" pintype="input"/>
    </net>
    <net code="5" name="A2">
      <node ref="U1" pin="W" pinfunction="A2" pintype="passive"/>
      <node ref="U6" pin="8" pinfunction="A2" pintype="input"/>
    </net>
    <net code="6" name="A3">
      <node ref="U1" pin="V" pinfunction="A3" pintype="passive"/>
      <node ref="U6" pin="7" pinfunction="A3" pintype="input"/>
    </net>
    <net code="7" name="A4">
      <node ref="U1" pin="U" pinfunction="A4" pintype="passive"/>
      <node ref="U6" pin="6" pinfunction="A4" pintype="input"/>
    </net>
    <net code="8" name="A5">
      <node ref="U1" pin="T" pinfunction="A5" pintype="passive"/>
      <node ref="U6" pin="5" pinfunction="A5" pintype="input"/>
    </net>
    <net code="9" name="A6">
      <node ref="U1" pin="S" pinfunction="A6" pintype="passive"/>
      <node ref="U6" pin="4" pinfunction="A6" pintype="input"/>
    </net>
    <net code="10" name="A7">
      <node ref="U1" pin="R" pinfunction="A7" pintype="passive"/>
      <node ref="U6" pin="3" pinfunction="A7" pintype="input"/>
    </net>
    <net code="11" name="A8">
      <node ref="U1" pin="P" pinfunction="A8" pintype="passive"/>
      <node ref="U6" pin="25" pinfunction="A8" pintype="input"/>
    </net>
    <net code="12" name="A9">
      <node ref="U1" pin="N" pinfunction="A9" pintype="passive"/>
      <node ref="U6" pin="24" pinfunction="A9" pintype="input"/>
    </net>
    <net code="13" name="A10">
      <node ref="U1" pin="M" pinfunction="A10" pintype="passive"/>
      <node ref="U6" pin="21" pinfunction="A10" pintype="input"/>
    </net>
    <net code="14" name="A11">
      <node ref="U1" pin="L" pinfunction="A11" pintype="passive"/>
      <node ref="U6" pin="23" pinfunction="A11" pintype="input"/>
    </net>
    <net code="15" name="A12">
      <node ref="U1" pin="K" pinfunction="A12" pintype="passive"/>
      <node ref="U6" pin="2" pinfunction="A12" pintype="input"/>
    </net>
    <net code="16" name="D0">
      <node ref="U1" pin="21" pinfunction="D0" pintype="passive"/>
      <node ref="U3" pin="7" pinfunction="O1b" pintype="tri_state"/>
      <node ref="U4" pin="15" pinfunction="D0" pintype="input"/>
      <node ref="U6" pin="11" pinfunction="D0" pintype="tri_state"/>
    </net>
    <net code="17" name="D1">
      <node ref="U1" pin="20" pinfunction="D1" pintype="passive"/>
      <node ref="U3" pin="18" pinfunction="O0a" pintype="tri_state"/>
      <node ref="U4" pin="1" pinfunction="D1" pintype="input"/>
      <node ref="U6" pin="12" pinfunction="D1" pintype="tri_state"/>
    </net>
    <net code="18" name="D2">
      <node ref="U1" pin="19" pinfunction="D2" pintype="passive"/>
      <node ref="U3" pin="9" pinfunction="O0b" pintype="tri_state"/>
      <node ref="U4" pin="2" pinfunction="D2" pintype="input"/>
      <node ref="U6" pin="13" pinfunction="D2" pintype="tri_state"/>
    </net>
    <net code="19" name="D3">
      <node ref="U1" pin="18" pinfunction="D3" pintype="passive"/>
      <node ref="U3" pin="3" pinfunction="O3b" pintype="tri_state"/>
      <node ref="U4" pin="3" pinfunction="D3" pintype="input"/>
      <node ref="U6" pin="15" pinfunction="D3" pintype="tri_state"/>
    </net>
    <net code="20" name="D4">
      <node ref="U1" pin="17" pinfunction="D4" pintype="passive"/>
      <node ref="U3" pin="5" pinfunction="O2b" pintype="tri_state"/>
      <node ref="U4" pin="4" pinfunction="D4" pintype="input"/>
      <node ref="U6" pin="16" pinfunction="D4" pintype="tri_state"/>
    </net>
    <net code="21" name="D5">
      <node ref="U1" pin="16" pinfunction="D5" pintype="passive"/>
      <node ref="U3" pin="16" pinfunction="O1a" pintype="tri_state"/>
      <node ref="U4" pin="5" pinfunction="D5" pintype="input"/>
      <node ref="U6" pin="17" pinfunction="D5" pintype="tri_state"/>
    </net>
    <net code="22" name="D6">
      <node ref="U1" pin="15" pinfunction="D6" pintype="passive"/>
      <node ref="U3" pin="14" pinfunction="O2a" pintype="tri_state"/>
      <node ref="U4" pin="6" pinfunction="D6" pintype="input"/>
      <node ref="U6" pin="18" pinfunction="D6" pintype="tri_state"/>
    </net>
    <net code="23" name="D7">
      <node ref="U1" pin="14" pinfunction="D7" pintype="passive"/>
      <node ref="U3" pin="12" pinfunction="O3a" pintype="tri_state"/>
      <node ref="U4" pin="7" pinfunction="D7" pintype="input"/>
      <node ref="U6" pin="19" pinfunction="D7" pintype="tri_state"/>
    </net>
    <net code="24" name="GND">
      <node ref="C3" pin="2" pintype="passive"/>
      <node ref="C4" pin="2" pintype="passive"/>
      <node ref="C5" pin="2" pintype="passive"/>
      <node ref="D1" pin="1" pinfunction="K" pintype="passive"/>
      <node ref="R3" pin="2" pintype="passive"/>
      <node ref="R5" pin="2" pintype="passive"/>
      <node ref="R7" pin="2" pintype="passive"/>
      <node ref="SW1" pin="1" pinfunction="1" pintype="passive"/>
      <node ref="U1" pin="1" pinfunction="GND" pintype="power_in"/>
      <node ref="U1" pin="22" pinfunction="GND" pintype="power_in"/>
      <node ref="U1" pin="9" pinfunction="/EXROM" pintype="passive"/>
      <node ref="U1" pin="A" pinfunction="GND" pintype="power_in"/>
      <node ref="U1" pin="Z" pinfunction="GND" pintype="power_in"/>
      <node ref="U2" pin="1" pinfunction="GND" pintype="power_in"/>
      <node ref="U2" pin="22" pinfunction="GND" pintype="power_in"/>
      <node ref="U2" pin="33" pinfunction="GND" pintype="power_in"/>
      <node ref="U3" pin="10" pinfunction="GND" pintype="power_in"/>
      <node ref="U4" pin="8" pinfunction="GND" pintype="power_in"/>
      <node ref="U6" pin="14" pinfunction="GND" pintype="power_in"/>
      <node ref="U7" pin="7" pinfunction="GND" pintype="power_in"/>
    </net>
    <net code="25" name="IO1">
      <node ref="U1" pin="7" pinfunction="/I/O1" pintype="passive"/>
      <node ref="U7" pin="1" pintype="input"/>
    </net>
    <net code="26" name="IO2">
      <node ref="R6" pin="2" pintype="passive"/>
      <node ref="U1" pin="10" pinfunction="/I/O2" pintype="passive"/>
      <node ref="U3" pin="1" pinfunction="OEa" pintype="input"/>
      <node ref="U3" pin="19" pinfunction="OEb" pintype="input"/>
    </net>
    <net code="27" name="LED">
      <node ref="R8" pin="1" pintype="passive"/>
      <node ref="U2" pin="32" pinfunction="IO_04" pintype="bidirectional"/>
    </net>
    <net code="28" name="Net-(D1-Pad2)">
      <node ref="D1" pin="2" pinfunction="A" pintype="passive"/>
      <node ref="R8" pin="2" pintype="passive"/>
    </net>
    <net code="29" name="Net-(D2-Pad1)">
      <node ref="D2" pin="1" pinfunction="K" pintype="passive"/>
      <node ref="U2" pin="35" pinfunction="VCC_(USB)" pintype="power_in"/>
    </net>
    <net code="30" name="Net-(R2-Pad2)">
      <node ref="R2" pin="2" pintype="passive"/>
      <node ref="U4" pin="12" pinfunction="Latch" pintype="input"/>
      <node ref="U7" pin="6" pintype="output"/>
    </net>
    <net code="31" name="Net-(R4-Pad2)">
      <node ref="R4" pin="2" pintype="passive"/>
      <node ref="U4" pin="9" pinfunction="Q7" pintype="output"/>
    </net>
    <net code="32" name="Net-(U1-PadC)">
      <node ref="U1" pin="C" pinfunction="/RESET" pintype="passive"/>
      <node ref="U7" pin="10" pintype="output"/>
    </net>
    <net code="33" name="Net-(U1-PadD)">
      <node ref="U1" pin="D" pinfunction="/NMI" pintype="passive"/>
      <node ref="U7" pin="8" pintype="output"/>
    </net>
    <net code="34" name="Net-(U7-Pad2)">
      <node ref="U7" pin="2" pintype="output"/>
      <node ref="U7" pin="3" pintype="input"/>
    </net>
    <net code="35" name="Net-(U7-Pad4)">
      <node ref="U7" pin="4" pintype="output"/>
      <node ref="U7" pin="5" pintype="input"/>
    </net>
    <net code="36" name="Net-(U7-Pad11)">
      <node ref="U7" pin="11" pintype="input"/>
      <node ref="U7" pin="12" pintype="output"/>
    </net>
    <net code="37" name="ROM-L">
      <node ref="U1" pin="11" pinfunction="/ROML" pintype="passive"/>
      <node ref="U6" pin="20" pinfunction="~{CE}" pintype="input"/>
      <node ref="U6" pin="22" pinfunction="~{OE}" pintype="input"/>
    </net>
    <net code="38" name="iIO1">
      <node ref="R2" pin="1" pintype="passive"/>
      <node ref="R3" pin="1" pintype="passive"/>
      <node ref="U2" pin="25" pinfunction="IO_22/D1/SCL" pintype="bidirectional"/>
    </net>
    <net code="39" name="iIO2">
      <node ref="R6" pin="1" pintype="passive"/>
      <node ref="R7" pin="1" pintype="passive"/>
      <node ref="U2" pin="29" pinfunction="IO_17/D3" pintype="bidirectional"/>
    </net>
    <net code="40" name="iRST">
      <node ref="SW1" pin="2" pinfunction="2" pintype="passive"/>
      <node ref="U2" pin="37" pinfunction="TD0" pintype="passive"/>
    </net>
    <net code="41" name="oD0">
      <node ref="U2" pin="14" pinfunction="IO_05/D8" pintype="bidirectional"/>
      <node ref="U3" pin="13" pinfunction="I1b" pintype="input"/>
    </net>
    <net code="42" name="oD1">
      <node ref="U2" pin="9" pinfunction="IO_33" pintype="bidirectional"/>
      <node ref="U3" pin="2" pinfunction="I0a" pintype="input"/>
    </net>
    <net code="43" name="oD2">
      <node ref="U2" pin="13" pinfunction="IO_14/TMS" pintype="bidirectional"/>
      <node ref="U3" pin="11" pinfunction="I0b" pintype="input"/>
    </net>
    <net code="44" name="oD3">
      <node ref="U2" pin="12" pinfunction="IO_23/D7" pintype="bidirectional"/>
      <node ref="U3" pin="17" pinfunction="I3b" pintype="input"/>
    </net>
    <net code="45" name="oD4">
      <node ref="U2" pin="18" pinfunction="IO_13/TCK" pintype="bidirectional"/>
      <node ref="U3" pin="15" pinfunction="I2b" pintype="input"/>
    </net>
    <net code="46" name="oD5">
      <node ref="U2" pin="10" pinfunction="IO_19/D6" pintype="bidirectional"/>
      <node ref="U3" pin="4" pinfunction="I1a" pintype="input"/>
    </net>
    <net code="47" name="oD6">
      <node ref="U2" pin="8" pinfunction="IO_18/D5" pintype="bidirectional"/>
      <node ref="U3" pin="6" pinfunction="I2a" pintype="input"/>
    </net>
    <net code="48" name="oD7">
      <node ref="U2" pin="6" pinfunction="IO_26/D0" pintype="bidirectional"/>
      <node ref="U3" pin="8" pinfunction="I3a" pintype="input"/>
    </net>
    <net code="49" name="oNMI">
      <node ref="U2" pin="28" pinfunction="IO_32" pintype="bidirectional"/>
      <node ref="U7" pin="9" pintype="input"/>
    </net>
    <net code="50" name="oRST">
      <node ref="U2" pin="27" pinfunction="IO_21/D2/SDA" pintype="bidirectional"/>
      <node ref="U7" pin="13" pintype="input"/>
    </net>
    <net code="51" name="pload">
      <node ref="U2" pin="31" pinfunction="IO_16/D4" pintype="bidirectional"/>
      <node ref="U4" pin="13" pinfunction="~{PLOAD}" pintype="input"/>
    </net>
    <net code="52" name="sclk">
      <node ref="U2" pin="26" pinfunction="IO_25" pintype="bidirectional"/>
      <node ref="U4" pin="11" pinfunction="SCLK" pintype="input"/>
    </net>
    <net code="53" name="sdata">
      <node ref="R4" pin="1" pintype="passive"/>
      <node ref="R5" pin="1" pintype="passive"/>
      <node ref="U2" pin="24" pinfunction="IO_27" pintype="bidirectional"/>
    </net>
    <net code="54" name="unconnected-(U1-Pad4)">
      <node ref="U1" pin="4" pinfunction="/IRQ" pintype="passive"/>
    </net>
    <net code="55" name="unconnected-(U1-Pad5)">
      <node ref="U1" pin="5" pinfunction="R-/W" pintype="passive"/>
    </net>
    <net code="56" name="unconnected-(U1-Pad6)">
      <node ref="U1" pin="6" pinfunction="DOT_Clk" pintype="passive"/>
    </net>
    <net code="57" name="unconnected-(U1-Pad8)">
      <node ref="U1" pin="8" pinfunction="/GAME" pintype="passive"/>
    </net>
    <net code="58" name="unconnected-(U1-Pad12)">
      <node ref="U1" pin="12" pinfunction="BA" pintype="passive"/>
    </net>
    <net code="59" name="unconnected-(U1-Pad13)">
      <node ref="U1" pin="13" pinfunction="/DMA" pintype="passive"/>
    </net>
    <net code="60" name="unconnected-(U1-PadB)">
      <node ref="U1" pin="B" pinfunction="/ROMH" pintype="passive"/>
    </net>
    <net code="61" name="unconnected-(U1-PadE)">
      <node ref="U1" pin="E" pinfunction="PHI2" pintype="passive"/>
    </net>
    <net code="62" name="unconnected-(U1-PadF)">
      <node ref="U1" pin="F" pinfunction="A15" pintype="passive"/>
    </net>
    <net code="63" name="unconnected-(U1-PadH)">
      <node ref="U1" pin="H" pinfunction="A14" pintype="passive"/>
    </net>
    <net code="64" name="unconnected-(U1-PadJ)">
      <node ref="U1" pin="J" pinfunction="A13" pintype="passive"/>
    </net>
    <net code="65" name="unconnected-(U2-Pad2)">
      <node ref="U2" pin="2" pinfunction="RST" pintype="input"/>
    </net>
    <net code="66" name="unconnected-(U2-Pad3)">
      <node ref="U2" pin="3" pinfunction="NC" pintype="no_connect"/>
    </net>
    <net code="67" name="unconnected-(U2-Pad4)">
      <node ref="U2" pin="4" pinfunction="IO_36/SVP/A0" pintype="bidirectional"/>
    </net>
    <net code="68" name="unconnected-(U2-Pad5)">
      <node ref="U2" pin="5" pinfunction="IO_39/SVN" pintype="bidirectional"/>
    </net>
    <net code="69" name="unconnected-(U2-Pad7)">
      <node ref="U2" pin="7" pinfunction="IO_35" pintype="bidirectional"/>
    </net>
    <net code="70" name="unconnected-(U2-Pad11)">
      <node ref="U2" pin="11" pinfunction="IO_34" pintype="bidirectional"/>
    </net>
    <net code="71" name="unconnected-(U2-Pad15)">
      <node ref="U2" pin="15" pinfunction="NC" pintype="no_connect"/>
    </net>
    <net code="72" name="unconnected-(U2-Pad17)">
      <node ref="U2" pin="17" pinfunction="IO_09/SD2" pintype="bidirectional"/>
    </net>
    <net code="73" name="unconnected-(U2-Pad19)">
      <node ref="U2" pin="19" pinfunction="CMD" pintype="passive"/>
    </net>
    <net code="74" name="unconnected-(U2-Pad20)">
      <node ref="U2" pin="20" pinfunction="IO_10/SD3" pintype="bidirectional"/>
    </net>
    <net code="75" name="unconnected-(U2-Pad21)">
      <node ref="U2" pin="21" pinfunction="TXD" pintype="passive"/>
    </net>
    <net code="76" name="unconnected-(U2-Pad23)">
      <node ref="U2" pin="23" pinfunction="RXD" pintype="passive"/>
    </net>
    <net code="77" name="unconnected-(U2-Pad30)">
      <node ref="U2" pin="30" pinfunction="IO_12/TDI" pintype="bidirectional"/>
    </net>
    <net code="78" name="unconnected-(U2-Pad34)">
      <node ref="U2" pin="34" pinfunction="IO_00" pintype="bidirectional"/>
    </net>
    <net code="79" name="unconnected-(U2-Pad36)">
      <node ref="U2" pin="36" pinfunction="IO_02" pintype="bidirectional"/>
    </net>
    <net code="80" name="unconnected-(U2-Pad38)">
      <node ref="U2" pin="38" pinfunction="SD1" pintype="passive"/>
    </net>
    <net code="81" name="unconnected-(U2-Pad39)">
      <node ref="U2" pin="39" pinfunction="SD0" pintype="passive"/>
    </net>
    <net code="82" name="unconnected-(U2-Pad40)">
      <node ref="U2" pin="40" pinfunction="CLK" pintype="passive"/>
    </net>
    <net code="83" name="unconnected-(U4-Pad14)">
      <node ref="U4" pin="14" pinfunction="Ser_in" pintype="input"/>
    </net>
    <net code="84" name="unconnected-(U6-Pad26)">
      <node ref="U6" pin="26" pinfunction="NC" pintype="no_connect"/>
    </net>
  </nets>
</export>
