"Source:","/home/bart/Electronica/C64_Cartridge/Chat_2024/Chat_2024.kicad_sch"
"Date:","Sun 10 Dec 2023 15:47:25 CET"
"Tool:","Eeschema 6.0.11-2627ca5db0~126~ubuntu20.04.1"
"Generator:","/usr/share/kicad/plugins/bom_csv_grouped_by_value.py"
"Component Count:","21"

"Individual Components:"

"Item","Qty","Reference(s)","Value","LibPart","Footprint","Datasheet"
"","","C3","100n","Device:C","Capacitor_THT:C_Disc_D4.3mm_W1.9mm_P5.00mm","~"
"","","C4","100n","Device:C","Capacitor_THT:C_Disc_D4.3mm_W1.9mm_P5.00mm","~"
"","","C5","100n","Device:C","Capacitor_THT:C_Disc_D4.3mm_W1.9mm_P5.00mm","~"
"","","D1","LED","Device:LED","LED_THT:LED_D3.0mm","~"
"","","D2","BAT86","Device:D_Schottky","Diode_THT:D_DO-34_SOD68_P7.62mm_Horizontal","~"
"","","H1","MountingHole","Mechanical:MountingHole","MountingHole:MountingHole_3.2mm_M3","~"
"","","LOGO1","Logo_Open_Hardware_Small","Graphic:Logo_Open_Hardware_Small","Symbol:OSHW-Logo2_14.6x12mm_SilkScreen","~"
"","","R2","1k5","Device:R","Resistor_THT:R_Axial_DIN0204_L3.6mm_D1.6mm_P5.08mm_Horizontal","~"
"","","R3","2k7","Device:R","Resistor_THT:R_Axial_DIN0204_L3.6mm_D1.6mm_P5.08mm_Horizontal","~"
"","","R4","1k5","Device:R","Resistor_THT:R_Axial_DIN0204_L3.6mm_D1.6mm_P5.08mm_Horizontal","~"
"","","R5","2k7","Device:R","Resistor_THT:R_Axial_DIN0204_L3.6mm_D1.6mm_P5.08mm_Horizontal","~"
"","","R6","1k5","Device:R","Resistor_THT:R_Axial_DIN0204_L3.6mm_D1.6mm_P5.08mm_Horizontal","~"
"","","R7","2k7","Device:R","Resistor_THT:R_Axial_DIN0204_L3.6mm_D1.6mm_P5.08mm_Horizontal","~"
"","","R8","270Ω","Device:R","Resistor_THT:R_Axial_DIN0204_L3.6mm_D1.6mm_P5.08mm_Horizontal","~"
"","","SW1","SW_Push","Switch:SW_Push","Button_Switch_THT:SW_PUSH_6mm","~"
"","","U1","C64-Exp-Port","Barts_Kicad_Lib:C64-Exp-Port","KicadFootprints:C64-Cart-NoSilkS","DOCUMENTATION"
"","","U2","mini_esp32","Barts_Kicad_Lib:mini_esp32","KicadFootprints:ESP32_mini",""
"","","U3","74LS244","74xx:74LS244","Package_DIP:DIP-20_W7.62mm_LongPads","http://www.ti.com/lit/gpn/sn74LS244"
"","","U4","74HC597","74hc597:74HC597","Package_DIP:DIP-16_W7.62mm_LongPads","https://www.onsemi.com/pdf/datasheet/mc74hc597a-d.pdf"
"","","U6","EEPROM 8K","Memory_EPROM:27C64","Package_DIP:DIP-28_W15.24mm_LongPads","http://ww1.microchip.com/downloads/en/DeviceDoc/11107M.pdf"
"","","U7","74LS14","74xx:74LS14","Package_DIP:DIP-14_W7.62mm_LongPads","http://www.ti.com/lit/gpn/sn74LS14"



"Collated Components:"

"Item","Qty","Reference(s)","Value","LibPart","Footprint","Datasheet"
"1","3","C3, C4, C5","100n","Device:C","Capacitor_THT:C_Disc_D4.3mm_W1.9mm_P5.00mm","~"
"2","1","D1","LED","Device:LED","LED_THT:LED_D3.0mm","~"
"3","1","D2","BAT86","Device:D_Schottky","Diode_THT:D_DO-34_SOD68_P7.62mm_Horizontal","~"
"4","1","H1","MountingHole","Mechanical:MountingHole","MountingHole:MountingHole_3.2mm_M3","~"
"5","1","LOGO1","Logo_Open_Hardware_Small","Graphic:Logo_Open_Hardware_Small","Symbol:OSHW-Logo2_14.6x12mm_SilkScreen","~"
"6","3","R2, R4, R6","1k5","Device:R","Resistor_THT:R_Axial_DIN0204_L3.6mm_D1.6mm_P5.08mm_Horizontal","~"
"7","3","R3, R5, R7","2k7","Device:R","Resistor_THT:R_Axial_DIN0204_L3.6mm_D1.6mm_P5.08mm_Horizontal","~"
"8","1","R8","270Ω","Device:R","Resistor_THT:R_Axial_DIN0204_L3.6mm_D1.6mm_P5.08mm_Horizontal","~"
"9","1","SW1","SW_Push","Switch:SW_Push","Button_Switch_THT:SW_PUSH_6mm","~"
"10","1","U1","C64-Exp-Port","Barts_Kicad_Lib:C64-Exp-Port","KicadFootprints:C64-Cart-NoSilkS","DOCUMENTATION"
"11","1","U2","mini_esp32","Barts_Kicad_Lib:mini_esp32","KicadFootprints:ESP32_mini",""
"12","1","U3","74LS244","74xx:74LS244","Package_DIP:DIP-20_W7.62mm_LongPads","http://www.ti.com/lit/gpn/sn74LS244"
"13","1","U4","74HC597","74hc597:74HC597","Package_DIP:DIP-16_W7.62mm_LongPads","https://www.onsemi.com/pdf/datasheet/mc74hc597a-d.pdf"
"14","1","U6","EEPROM 8K","Memory_EPROM:27C64","Package_DIP:DIP-28_W15.24mm_LongPads","http://ww1.microchip.com/downloads/en/DeviceDoc/11107M.pdf"
"15","1","U7","74LS14","74xx:74LS14","Package_DIP:DIP-14_W7.62mm_LongPads","http://www.ti.com/lit/gpn/sn74LS14"
