Comment,Designator,Footprint,LCSC
MountingHole,H1,MountingHole_5mm,
100 ohm,R2,R_0402_1005Metric,
100n,C6,C_0402_1005Metric,
LED,D1,LED_0402_1005Metric,
SN74LVC1G14DBV,U3,SOT-23-5,
100n,C5,C_0402_1005Metric,
SN74LVC1G14DBV,U5,SOT-23-5,
100n,C7,C_0402_1005Metric,
270 ohm,R1,R_0402_1005Metric,
SN74LS244NSR,U4,SOIC127P780X200-20N,
100n,C4,C_0402_1005Metric,
100n,C3,C_0402_1005Metric,
SN74LVC1G14DBV,U6,SOT-23-5,
1K5,R3,R_0402_1005Metric,
100n,C8,C_0402_1005Metric,
74HC597D-653,U9,SOIC127P600X175-16N,
2K7,R8,R_0402_1005Metric,
33pF,C1,C_0402_1005Metric,
2K7,R7,R_0402_1005Metric,
100n,C9,C_0402_1005Metric,
2K7,R6,R_0402_1005Metric,
100n,C2,C_0402_1005Metric,
1K5,R5,R_0402_1005Metric,
1K5,R4,R_0402_1005Metric,
