Designator,Val,Package,Mid X,Mid Y,Rotation,Layer
C1,33pF,C_0402_1005Metric,150.7,-88.64,0.0,top
C2,100n,C_0402_1005Metric,147.97,-80.59,90.0,top
C3,100n,C_0402_1005Metric,140.05,-84.3,-90.0,top
C4,100n,C_0402_1005Metric,140.04,-78.54,-90.0,top
C5,100n,C_0402_1005Metric,140.04,-89.87,-90.0,top
C6,100n,C_0402_1005Metric,149.07,-94.39,90.0,top
C7,100n,C_0402_1005Metric,171.75,-127.54,0.0,top
C8,100n,C_0402_1005Metric,169.5,-109.83,0.0,top
C9,100n,C_0402_1005Metric,177.48,-88.04,90.0,top
D1,LED,LED_0402_1005Metric,189.28,-124.8525,90.0,top
D2,BAT86,D_DO-35_SOD27_P7.62mm_Horizontal,185.1,-90.63,180.0,top
R1,270 ohm,R_0402_1005Metric,186.81,-109.44,-90.0,top
R2,100 ohm,R_0402_1005Metric,150.71,-87.42,180.0,top
R3,1K5,R_0402_1005Metric,172.42,-83.13,90.0,top
R4,1K5,R_0402_1005Metric,166.65,-83.13,90.0,top
R5,1K5,R_0402_1005Metric,177.5,-83.15,90.0,top
R6,2K7,R_0402_1005Metric,170.51,-82.66,180.0,top
R7,2K7,R_0402_1005Metric,164.6,-82.62,180.0,top
R8,2K7,R_0402_1005Metric,175.86,-82.7,180.0,top
SW1,Reset,SW_PUSH_6mm,196.58,-121.72,-90.0,top
U1,C64-Exp-Port,C64-Cart-NoSilkS,122.09,-73.63,-90.0,top
U2,mini_esp32,ESP32_mini,178.77,-91.04,90.0,top
U3,SN74LVC1G14DBV,SOT-23-5,137.3,-90.35,0.0,top
U4,SN74LS244NSR,SOIC127P780X200-20N,145.5,-101.85,0.0,top
U5,SN74LVC1G14DBV,SOT-23-5,137.26,-79.02,0.0,top
U6,SN74LVC1G14DBV,SOT-23-5,137.2975,-84.76,0.0,top
U7,EEPROM 8K,DIP-28_W15.24mm_Socket,169.02,-112.3,-90.0,top
U9,74HC597D-653,SOIC127P600X175-16N,145.27,-86.79,0.0,top
